epoch,lam_text,ops,seed,alpha,amp,beta,corner_0,corner_1,corner_2,corner_3,corner_4,corner_5,corner_6,corner_7,fx,fy,gamma,sigma_b,sigma_n
1,1.0,"moire,geo,photo,noise,blur",0,-0.11061004549264908,-1.178051233291626,0.43817707896232605,-0.5552648305892944,-0.0646374300122261,0.2707788944244385,-0.4532867670059204,0.013907249085605145,0.35731256008148193,-0.62888103723526,0.30344247817993164,0.7681288123130798,0.6688245534896851,-0.170840322971344,-1.17576265335083,-1.3530694246292114
2,1.0,"moire,geo,photo,noise,blur",0,-0.1331697553396225,-1.5643595457077026,0.5371910333633423,-0.4612150192260742,-0.2428704798221588,0.5287941098213196,-0.4404476583003998,0.17681246995925903,0.36646002531051636,-0.7357876896858215,0.5007007718086243,0.8767262101173401,0.8771784901618958,-0.6141670346260071,-1.5715383291244507,-2.2299437522888184
3,1.0,"moire,geo,photo,noise,blur",0,-0.20591086149215698,-1.5455795526504517,0.48157814145088196,-0.3839186728000641,-0.10445728898048401,0.8157588839530945,-0.3553730845451355,-0.07218965142965317,0.46214163303375244,-0.8756407499313354,0.6647571325302124,1.0393476486206055,1.0759702920913696,-1.000880241394043,-1.669452428817749,-2.632772207260132
4,1.0,"moire,geo,photo,noise,blur",0,-0.6098434329032898,-1.5535327196121216,0.42176827788352966,-0.4803391695022583,0.06398595124483109,0.9617955088615417,-0.33808013796806335,-0.2564033269882202,0.6332070827484131,-0.915957510471344,0.5305119156837463,1.2182188034057617,1.3259665966033936,-1.613706111907959,-1.75542151927948,-2.983799457550049
5,1.0,"moire,geo,photo,noise,blur",0,-1.1215019226074219,-1.5200814008712769,0.4405393898487091,-0.7499994039535522,0.004274658393114805,0.9802206754684448,-0.44802233576774597,-0.19559457898139954,0.7064195871353149,-0.958739697933197,0.5470647811889648,1.384157657623291,1.4440170526504517,-2.41996693611145,-1.8956544399261475,-3.3104000091552734
6,1.0,"moire,geo,photo,noise,blur",0,-1.5639334917068481,-1.507553219795227,0.5109244585037231,-0.7551425099372864,-0.2601773142814636,1.0506300926208496,-0.5558591485023499,0.06215162202715874,0.5573801398277283,-0.8748909831047058,0.36617612838745117,1.4999123811721802,1.5990475416183472,-2.9734585285186768,-2.0635030269622803,-3.6248815059661865
7,1.0,"moire,geo,photo,noise,blur",0,-1.8611832857131958,-1.513644814491272,0.5858244299888611,-0.6357181072235107,-0.541537344455719,1.0991075038909912,-0.5824804902076721,0.3776157796382904,0.44718605279922485,-0.8056302070617676,0.09726373851299286,1.4494436979293823,1.5719925165176392,-3.3000450134277344,-2.203040599822998,-3.7295238971710205
8,1.0,"moire,geo,photo,noise,blur",0,-1.962802767753601,-1.6241000890731812,0.9467308521270752,-0.39210420846939087,-0.7311059236526489,1.1217947006225586,-0.6019172668457031,0.48939093947410583,0.4158053398132324,-1.0136748552322388,-0.09183656424283981,1.6256904602050781,1.7069587707519531,-3.5521841049194336,-2.279435396194458,-3.8445916175842285
9,1.0,"moire,geo,photo,noise,blur",0,-2.078792095184326,-1.6887599229812622,1.172696828842163,-0.13013955950737,-0.8248227834701538,1.3058563470840454,-0.5107241272926331,0.6615397930145264,0.13903525471687317,-1.2940346002578735,-0.22909203171730042,1.5211753845214844,1.6823577880859375,-3.7515063285827637,-2.3017666339874268,-4.0621466636657715
10,1.0,"moire,geo,photo,noise,blur",0,-2.106285810470581,-1.9088151454925537,1.2168351411819458,-0.027415674179792404,-0.5994855165481567,1.5309503078460693,-0.15306858718395233,0.6463868618011475,0.13217513263225555,-1.273077368736267,-0.13786335289478302,1.3147556781768799,1.4821116924285889,-3.9412600994110107,-2.3745882511138916,-4.099013805389404
11,1.0,"moire,geo,photo,noise,blur",0,-2.144047975540161,-2.0162689685821533,1.2483901977539062,0.017612090334296227,-0.3754986524581909,1.5471372604370117,-0.3474358022212982,0.2611338496208191,0.30923449993133545,-1.3652329444885254,-0.05257349833846092,1.1254571676254272,1.4373177289962769,-4.082390308380127,-2.4683117866516113,-3.864424228668213
12,1.0,"moire,geo,photo,noise,blur",0,-2.015399694442749,-2.0817224979400635,1.3839945793151855,-0.3469935953617096,0.019060837104916573,1.580691933631897,-0.21251095831394196,-0.07752072811126709,0.435691773891449,-1.391875982284546,-0.32376182079315186,1.4187897443771362,1.6481126546859741,-4.216858386993408,-2.523106575012207,-3.996354818344116
13,1.0,"moire,geo,photo,noise,blur",0,-2.041015148162842,-2.200591802597046,1.5855897665023804,-0.5424451231956482,0.18536031246185303,1.572539210319519,-0.034255415201187134,0.046167030930519104,0.44001132249832153,-1.372728943824768,-0.2897069454193115,1.426181674003601,1.5483735799789429,-4.360988140106201,-2.6003994941711426,-4.007748603820801
14,1.0,"moire,geo,photo,noise,blur",0,-2.104515314102173,-2.2889437675476074,1.695219874382019,-0.6605319380760193,0.3334839940071106,1.530352234840393,0.11057355999946594,0.06510498374700546,0.46328696608543396,-1.2721675634384155,-0.23658786714076996,1.4153308868408203,1.5405360460281372,-4.477126598358154,-2.6613388061523438,-3.9690542221069336
15,1.0,"moire,geo,photo,noise,blur",0,-2.0756497383117676,-2.468179941177368,1.607330322265625,-0.7143100500106812,0.3229423463344574,1.51710844039917,0.003352543106302619,0.12529359757900238,0.3860432803630829,-1.3274024724960327,-0.40321946144104004,1.629760503768921,1.6997756958007812,-4.520471572875977,-2.713099479675293,-4.192864894866943
1,0.0,"moire,geo,photo,noise,blur",0,-0.050372228026390076,-1.197413682937622,0.377322256565094,-0.34986555576324463,-0.11789365857839584,0.5364384651184082,-0.14056533575057983,0.2052316963672638,0.1783553808927536,-0.6069062352180481,0.5010973811149597,0.5843636393547058,0.5626696944236755,-0.19720444083213806,-1.1801117658615112,-1.3692114353179932
2,0.0,"moire,geo,photo,noise,blur",0,-0.0853937640786171,-1.8256536722183228,0.24087443947792053,-0.38168737292289734,-0.208984836935997,0.47994092106819153,-0.38646599650382996,0.3678814470767975,-0.013369551859796047,-0.9235991835594177,0.5153274536132812,0.5354517102241516,0.6653895378112793,-0.22252750396728516,-1.6893904209136963,-2.5056986808776855
3,0.0,"moire,geo,photo,noise,blur",0,0.10628435760736465,-2.1068036556243896,0.30529505014419556,-0.6379358768463135,-0.06076521426439285,0.2699933350086212,-0.5369318127632141,0.45648685097694397,-0.05668673291802406,-0.881804883480072,0.48652759194374084,0.42606261372566223,0.5759223103523254,-0.34402358531951904,-1.9416370391845703,-3.1456925868988037
4,0.0,"moire,geo,photo,noise,blur",0,0.09030330926179886,-2.292304039001465,0.17609602212905884,-0.5350855588912964,-0.33673998713493347,-0.0913640558719635,-0.6123511791229248,0.5813659429550171,-0.09849462658166885,-0.8798946738243103,0.33484572172164917,0.3381819725036621,0.582718551158905,-0.38860782980918884,-2.100797414779663,-3.620731830596924
5,0.0,"moire,geo,photo,noise,blur",0,0.03563439100980759,-2.4550867080688477,0.13807375729084015,-0.5867633819580078,-0.38420215249061584,-0.43639323115348816,-0.7224112749099731,0.7390164732933044,-0.17959515750408173,-0.8855998516082764,0.11918945610523224,0.23485860228538513,0.5490066409111023,-0.477247416973114,-2.250640869140625,-3.8533718585968018
6,0.0,"moire,geo,photo,noise,blur",0,-0.013064736500382423,-2.6067442893981934,0.11524174362421036,-0.8780753016471863,-0.3883824050426483,-0.7584252953529358,-1.1941646337509155,0.8722547292709351,-0.010088764131069183,-1.1914845705032349,-0.0974469855427742,0.24489612877368927,0.5342394709587097,-0.39076995849609375,-2.4318954944610596,-4.062038421630859
7,0.0,"moire,geo,photo,noise,blur",0,-0.0015540510648861527,-2.758655309677124,0.24140900373458862,-0.8306483626365662,-0.39032861590385437,-0.6923506259918213,-1.233432412147522,0.8294007182121277,0.09545160084962845,-1.2613418102264404,-0.01653522439301014,0.3889554440975189,0.7031370401382446,-0.26323750615119934,-2.5222630500793457,-4.199791431427002
8,0.0,"moire,geo,photo,noise,blur",0,-0.005051301792263985,-2.8994972705841064,0.35086119174957275,-0.9755207300186157,-0.4816107749938965,-0.7936044335365295,-1.3978099822998047,0.613521933555603,0.20186881721019745,-1.4305928945541382,-0.09143463522195816,0.3561286926269531,0.6453154683113098,-0.5075697302818298,-2.588752031326294,-4.2626423835754395
9,0.0,"moire,geo,photo,noise,blur",0,-0.04381866380572319,-3.026062488555908,0.285685271024704,-1.1962958574295044,-0.42770251631736755,-1.040772557258606,-1.6186517477035522,0.6080186367034912,0.32207223773002625,-1.7447600364685059,-0.45569971203804016,0.39305105805397034,0.6907340884208679,-0.5017333030700684,-2.6618804931640625,-4.375139236450195
10,0.0,"moire,geo,photo,noise,blur",0,0.00258872308768332,-3.1362311840057373,0.2976033687591553,-1.2542438507080078,-0.7448771595954895,-1.302903175354004,-1.8663349151611328,0.7515373826026917,0.16714759171009064,-1.900267481803894,-0.799771785736084,0.43034830689430237,0.7009568810462952,-0.34915751218795776,-2.737361192703247,-4.458852767944336
11,0.0,"moire,geo,photo,noise,blur",0,-0.041717398911714554,-3.264665365219116,0.239912211894989,-1.4516831636428833,-0.7576763033866882,-1.4450132846832275,-2.01167893409729,0.8530277013778687,0.4070994555950165,-1.9616976976394653,-0.8445727825164795,0.42723894119262695,0.6779038906097412,-0.49432724714279175,-2.7838847637176514,-4.483820915222168
12,0.0,"moire,geo,photo,noise,blur",0,-0.40545958280563354,-3.369748115539551,0.04568564146757126,-1.4030356407165527,-0.8406888842582703,-1.4389238357543945,-2.096175193786621,1.1908267736434937,0.2537674903869629,-1.906636357307434,-0.6988152265548706,0.3883354663848877,0.6156530976295471,-0.6784754395484924,-2.8379151821136475,-4.549219131469727
13,0.0,"moire,geo,photo,noise,blur",0,-0.3461797833442688,-3.4493637084960938,0.1395917683839798,-1.3010660409927368,-0.7642556428909302,-1.2914845943450928,-2.018392562866211,1.3427704572677612,0.06328818947076797,-1.8858219385147095,-0.43428146839141846,0.3529796600341797,0.5954591035842896,-0.7695930004119873,-2.8820972442626953,-4.5729146003723145
14,0.0,"moire,geo,photo,noise,blur",0,-0.2797032296657562,-3.5240328311920166,0.12394896149635315,-1.2575817108154297,-0.7069048881530762,-1.1536136865615845,-2.017178535461426,1.3092577457427979,-0.011333785019814968,-1.688093662261963,-0.2208523154258728,0.3542041778564453,0.6158874034881592,-0.7344695329666138,-2.9189071655273438,-4.6218061447143555
15,0.0,"moire,geo,photo,noise,blur",0,-0.03983692824840546,-3.619532585144043,0.13109946250915527,-1.099622130393982,-1.1506102085113525,-1.0943630933761597,-2.044375419616699,1.5055044889450073,-0.18035827577114105,-1.5057600736618042,-0.13299240171909332,0.297884076833725,0.5887559056282043,-0.8377926349639893,-2.9537463188171387,-4.612343788146973
1,1.0,"geo,photo,noise,blur",0,0.11301823705434799,0.0,0.2879868745803833,-0.2057351917028427,-0.5911661982536316,0.6037527918815613,-0.2692513167858124,0.5822651982307434,0.23349538445472717,-0.2890549898147583,0.15574334561824799,0.0,0.0,-0.3965578079223633,-1.1142067909240723,-1.190617322921753
2,1.0,"geo,photo,noise,blur",0,0.28823959827423096,0.0,0.22567731142044067,-0.4543745815753937,-0.5340332984924316,0.8767905235290527,-0.24386130273342133,0.6848317980766296,0.35369694232940674,-0.19820071756839752,0.2734888792037964,0.0,0.0,-0.2815662920475006,-1.494171142578125,-1.4746283292770386
3,1.0,"geo,photo,noise,blur",0,0.08182129263877869,0.0,0.18999101221561432,-0.588834822177887,-0.639984130859375,0.9319244623184204,-0.5136426091194153,1.0132813453674316,0.22183454036712646,-0.44516631960868835,0.03274248540401459,0.0,0.0,-0.30879977345466614,-1.5179336071014404,-1.5818142890930176
4,1.0,"geo,photo,noise,blur",0,0.16101759672164917,0.0,0.23269250988960266,-0.7613850831985474,-0.6816239953041077,0.8575645089149475,-0.7267914414405823,0.9581356048583984,0.4749642610549927,-0.5852620005607605,-0.14187483489513397,0.0,0.0,-0.29805344343185425,-1.4767422676086426,-2.0038819313049316
5,1.0,"geo,photo,noise,blur",0,0.17602497339248657,0.0,0.26359671354293823,-0.9575045108795166,-0.5876407623291016,0.8220027089118958,-0.788520872592926,0.883758544921875,0.6631860733032227,-0.515436589717865,-0.20326544344425201,0.0,0.0,-0.053132571280002594,-1.4835915565490723,-2.2566635608673096
6,1.0,"geo,photo,noise,blur",0,0.37563568353652954,0.0,0.09700452536344528,-1.0739046335220337,-0.2598849833011627,0.5570051074028015,-1.0209946632385254,0.6336319446563721,0.8635657429695129,-0.7323601245880127,-0.49862077832221985,0.0,0.0,0.2143944501876831,-1.5287511348724365,-2.2986695766448975
7,1.0,"geo,photo,noise,blur",0,0.5180609822273254,0.0,-0.3557748794555664,-1.316151738166809,-0.5519286394119263,0.10046058893203735,-1.4588757753372192,0.7792510986328125,1.1238069534301758,-1.1395193338394165,-1.04619300365448,0.0,0.0,0.9766740798950195,-1.7202119827270508,-2.7424211502075195
8,1.0,"geo,photo,noise,blur",0,0.6563708186149597,0.0,-0.5027589201927185,-1.262157678604126,-0.6381058096885681,0.06976728141307831,-1.4680769443511963,0.9728479981422424,0.9135779142379761,-1.0936322212219238,-1.115813136100769,0.0,0.0,1.1877446174621582,-1.8354381322860718,-3.4732792377471924
9,1.0,"geo,photo,noise,blur",0,1.054742455482483,0.0,-0.012666317634284496,-1.0560381412506104,-0.594936728477478,-0.11483833938837051,-1.5106494426727295,0.9773662090301514,0.7505841851234436,-1.0265083312988281,-1.1412185430526733,0.0,0.0,1.199855923652649,-2.0546717643737793,-3.790633201599121
10,1.0,"geo,photo,noise,blur",0,1.2504510879516602,0.0,-0.05097351595759392,-1.0797945261001587,-0.6363834142684937,0.008087068796157837,-1.4053606986999512,0.854742169380188,0.8884114027023315,-0.8734155297279358,-1.0610942840576172,0.0,0.0,1.4939532279968262,-2.2587928771972656,-3.979665517807007
11,1.0,"geo,photo,noise,blur",0,1.5915454626083374,0.0,0.08973518759012222,-1.4579864740371704,-0.45357781648635864,-0.10002828389406204,-1.3644235134124756,0.5429865121841431,1.2984192371368408,-0.8924971222877502,-1.1371285915374756,0.0,0.0,1.6430996656417847,-2.360152244567871,-4.279848575592041
12,1.0,"geo,photo,noise,blur",0,1.9545632600784302,0.0,0.45131564140319824,-1.5897399187088013,-0.3034507632255554,-0.4842695891857147,-1.6113489866256714,0.36881303787231445,1.486067533493042,-1.2351454496383667,-1.3902016878128052,0.0,0.0,1.593579888343811,-2.3729588985443115,-4.285462856292725
13,1.0,"geo,photo,noise,blur",0,2.2630763053894043,0.0,0.6606010794639587,-1.5640708208084106,-0.33818569779396057,-0.6174886226654053,-1.6117541790008545,0.40770208835601807,1.5202471017837524,-1.2406501770019531,-1.6070481538772583,0.0,0.0,1.5534889698028564,-2.429142951965332,-4.220860958099365
14,1.0,"geo,photo,noise,blur",0,2.3638856410980225,0.0,0.5818986296653748,-1.3847455978393555,-0.5072128176689148,-0.4032433331012726,-1.4514716863632202,0.6195168495178223,1.5647848844528198,-1.0983827114105225,-1.4789785146713257,0.0,0.0,1.667490839958191,-2.513810396194458,-4.234319686889648
15,1.0,"geo,photo,noise,blur",0,2.35713791847229,0.0,0.594366192817688,-0.9703525304794312,-0.7959258556365967,-0.39356324076652527,-1.5416340827941895,0.7478910088539124,1.4034702777862549,-1.2780320644378662,-1.4539092779159546,0.0,0.0,1.6407902240753174,-2.595294237136841,-4.342884063720703
1,1.0,"moire,photo,noise,blur",0,-0.15691331028938293,-1.093591332435608,0.4735596776008606,0.0,0.0,0.0,0.0,0.0,0.0,0.0,0.0,0.323515921831131,0.6417258977890015,-0.28708118200302124,-1.1413053274154663,-1.0658438205718994
2,1.0,"moire,photo,noise,blur",0,-0.7300232648849487,-1.1496189832687378,0.8665993213653564,0.0,0.0,0.0,0.0,0.0,0.0,0.0,0.0,0.38748374581336975,0.7892042398452759,-1.1087652444839478,-1.3555835485458374,-0.8235228657722473
3,1.0,"moire,photo,noise,blur",0,-0.9250636100769043,-0.9770350456237793,1.389628291130066,0.0,0.0,0.0,0.0,0.0,0.0,0.0,0.0,0.5990763306617737,0.9936541318893433,-2.2456908226013184,-1.3464871644973755,-0.6993549466133118
4,1.0,"moire,photo,noise,blur",0,-1.2545908689498901,-1.0201373100280762,1.403441309928894,0.0,0.0,0.0,0.0,0.0,0.0,0.0,0.0,0.8808490633964539,1.214537262916565,-2.725260019302368,-1.4587589502334595,-1.2225960493087769
5,1.0,"moire,photo,noise,blur",0,-1.3434686660766602,-0.9755070209503174,1.5465352535247803,0.0,0.0,0.0,0.0,0.0,0.0,0.0,0.0,1.1437209844589233,1.3431001901626587,-3.123237133026123,-1.575202226638794,-1.5331990718841553
6,1.0,"moire,photo,noise,blur",0,-1.7611758708953857,-0.8807666897773743,1.6337366104125977,0.0,0.0,0.0,0.0,0.0,0.0,0.0,0.0,1.0595660209655762,1.2155907154083252,-3.5424489974975586,-1.6709891557693481,-1.76991868019104
7,1.0,"moire,photo,noise,blur",0,-1.9615970849990845,-0.8621463179588318,1.8011155128479004,0.0,0.0,0.0,0.0,0.0,0.0,0.0,0.0,1.4642627239227295,1.556195616722107,-3.8024251461029053,-1.663262128829956,-2.3940865993499756
8,1.0,"moire,photo,noise,blur",0,-2.390047073364258,-0.651919424533844,2.0963828563690186,0.0,0.0,0.0,0.0,0.0,0.0,0.0,0.0,1.6274834871292114,1.6039507389068604,-4.131775856018066,-1.5924128293991089,-2.905006170272827
9,1.0,"moire,photo,noise,blur",0,-2.7004706859588623,-0.4927632212638855,2.295264959335327,0.0,0.0,0.0,0.0,0.0,0.0,0.0,0.0,1.7247586250305176,1.6219676733016968,-4.382327556610107,-1.7101033926010132,-3.2538859844207764
10,1.0,"moire,photo,noise,blur",0,-2.8061115741729736,-0.4289968013763428,2.381660223007202,0.0,0.0,0.0,0.0,0.0,0.0,0.0,0.0,1.671930193901062,1.504043698310852,-4.594371318817139,-1.8658267259597778,-3.289687395095825
11,1.0,"moire,photo,noise,blur",0,-2.8158552646636963,-0.5777610540390015,2.4059503078460693,0.0,0.0,0.0,0.0,0.0,0.0,0.0,0.0,1.8369035720825195,1.513282299041748,-4.705650806427002,-1.9706437587738037,-3.5476510524749756
12,1.0,"moire,photo,noise,blur",0,-2.994377851486206,-0.5764247179031372,2.40434193611145,0.0,0.0,0.0,0.0,0.0,0.0,0.0,0.0,2.1383845806121826,1.826219081878662,-4.815077781677246,-2.079472064971924,-3.6330995559692383
13,1.0,"moire,photo,noise,blur",0,-3.215272903442383,-0.45644477009773254,2.392197847366333,0.0,0.0,0.0,0.0,0.0,0.0,0.0,0.0,2.295989990234375,1.8114452362060547,-4.941056728363037,-2.0633316040039062,-3.622206687927246
14,1.0,"moire,photo,noise,blur",0,-3.316781520843506,-0.6730852723121643,2.398712396621704,0.0,0.0,0.0,0.0,0.0,0.0,0.0,0.0,2.414426565170288,1.6011555194854736,-5.002985000610352,-2.1158013343811035,-3.895198106765747
15,1.0,"moire,photo,noise,blur",0,-3.464463710784912,-0.7329404354095459,2.6461586952209473,0.0,0.0,0.0,0.0,0.0,0.0,0.0,0.0,2.3446223735809326,1.4184294939041138,-5.117177486419678,-2.1953125,-3.9836766719818115
1,1.0,"moire,geo,noise,blur",0,0.0,-1.2124557495117188,0.0,-0.1889898031949997,-0.03836296871304512,0.7616392374038696,-0.22066830098628998,-0.15332962572574615,0.39072906970977783,-0.3190508782863617,0.7028290629386902,0.2952266037464142,0.28066352009773254,0.0,-1.1989314556121826,-1.2563139200210571
2,1.0,"moire,geo,noise,blur",0,0.0,-1.615952491760254,0.0,-0.1788012683391571,-0.28274282813072205,0.7355400323867798,-0.6251245141029358,-0.09330127388238907,0.48167043924331665,-0.537175178527832,0.8845166563987732,0.2904457151889801,0.4724082946777344,0.0,-1.5942881107330322,-1.8718605041503906
3,1.0,"moire,geo,noise,blur",0,0.0,-1.613816738128662,0.0,-0.12259324640035629,-0.3934514820575714,0.47280803322792053,-0.9457960724830627,-0.19001774489879608,0.43430396914482117,-1.064888834953308,0.40849778056144714,0.21413400769233704,0.44060641527175903,0.0,-1.651883602142334,-2.3265044689178467
4,1.0,"moire,geo,noise,blur",0,0.0,-1.5842009782791138,0.0,-0.11241915822029114,-0.5067806243896484,0.45601150393486023,-1.0456753969192505,-0.1890360414981842,0.28482967615127563,-1.4166570901870728,-0.027252690866589546,0.5045665502548218,0.6088375449180603,0.0,-1.7274792194366455,-2.7853262424468994
5,1.0,"moire,geo,noise,blur",0,0.0,-1.5517138242721558,0.0,-0.4327887296676636,-0.4076950252056122,0.5505170822143555,-1.044898271560669,-0.2025957554578781,0.029710737988352776,-1.4859800338745117,-0.1458912193775177,0.4026894271373749,0.4133320152759552,0.0,-1.8576921224594116,-3.278067111968994
6,1.0,"moire,geo,noise,blur",0,0.0,-1.4579298496246338,0.0,-0.761953592300415,-0.17789269983768463,0.3882357180118561,-1.2013015747070312,-0.2331995666027069,0.04695636034011841,-1.5831341743469238,-0.24898487329483032,0.33997854590415955,0.3037961721420288,0.0,-2.005849838256836,-3.4707722663879395
7,1.0,"moire,geo,noise,blur",0,0.0,-1.492956519126892,0.0,-0.9741625785827637,-0.04140177741646767,0.28639155626296997,-1.1970549821853638,-0.4535655081272125,0.22544610500335693,-1.710840106010437,-0.3642515242099762,0.46350711584091187,0.33696916699409485,0.0,-2.1408746242523193,-3.7701849937438965
8,1.0,"moire,geo,noise,blur",0,0.0,-1.4479562044143677,0.0,-0.859604001045227,-0.23472684621810913,0.21489471197128296,-1.3804330825805664,-0.2660169005393982,0.2014671415090561,-1.8725851774215698,-0.49838241934776306,0.305111289024353,0.3932074010372162,0.0,-2.263737201690674,-3.85636043548584
9,1.0,"moire,geo,noise,blur",0,0.0,-1.5556752681732178,0.0,-0.8806688785552979,-0.07278554141521454,0.5129476189613342,-1.2381298542022705,-0.3159169852733612,0.11958613991737366,-1.7532908916473389,-0.3690052628517151,0.49784520268440247,0.5773115754127502,0.0,-2.435826539993286,-3.824355125427246
10,1.0,"moire,geo,noise,blur",0,0.0,-1.619361162185669,0.0,-0.7331962585449219,-0.2076127678155899,0.8252726793289185,-1.068603515625,0.038589004427194595,-0.22909873723983765,-1.6875557899475098,-0.25531551241874695,0.3429056406021118,0.45628294348716736,0.0,-2.526029586791992,-3.6822502613067627
11,1.0,"moire,geo,noise,blur",0,0.0,-1.5205612182617188,0.0,-0.6758150458335876,-0.1790851205587387,0.9468683004379272,-0.9747005701065063,0.04733028635382652,-0.24493297934532166,-1.7070705890655518,-0.1658717691898346,0.6669815182685852,0.7571579813957214,0.0,-2.577230930328369,-3.6185214519500732
12,1.0,"moire,geo,noise,blur",0,0.0,-1.462039828300476,0.0,-0.7259684801101685,-0.16896526515483856,0.8647953867912292,-1.0291516780853271,-0.08842791616916656,-0.2013958990573883,-1.8327897787094116,-0.27938953042030334,0.8622827529907227,0.8717142939567566,0.0,-2.59714937210083,-3.8960418701171875
13,1.0,"moire,geo,noise,blur",0,0.0,-1.5145303010940552,0.0,-0.7547463178634644,-0.22952812910079956,1.3061977624893188,-0.6535497307777405,-0.08285506069660187,-0.19630585610866547,-1.6111767292022705,0.1612522006034851,0.8913329839706421,0.8357739448547363,0.0,-2.6347272396087646,-3.9157309532165527
14,1.0,"moire,geo,noise,blur",0,0.0,-1.498297929763794,0.0,-0.732952892780304,-0.321132093667984,1.4922289848327637,-0.5771014094352722,0.03758450224995613,-0.42803335189819336,-1.842775821685791,0.14966057240962982,1.1042356491088867,1.1798175573349,0.0,-2.6351938247680664,-3.8880622386932373
15,1.0,"moire,geo,noise,blur",0,0.0,-1.413208246231079,0.0,-0.7620609998703003,-0.29652318358421326,1.6679308414459229,-0.35809800028800964,0.14351770281791687,-0.517332136631012,-1.8453655242919922,0.321734756231308,1.267915964126587,1.3268120288848877,0.0,-2.656993865966797,-3.8182449340820312
1,1.0,"moire,geo,photo,blur",0,-0.4293075203895569,-1.1576766967773438,0.5696795582771301,-0.04631400480866432,-0.017131712287664413,0.5578610897064209,-0.6021621823310852,0.20471742749214172,0.009829032234847546,-0.2789338231086731,0.43938618898391724,0.663827657699585,0.5312801599502563,-0.4059829115867615,-1.2136218547821045,0.0
2,1.0,"moire,geo,photo,blur",0,-0.6277456879615784,-1.526381015777588,0.6403753757476807,0.24554786086082458,-0.43962347507476807,0.8683893084526062,-0.6138673424720764,0.5656014680862427,-0.38505083322525024,-0.03481660410761833,0.6794428825378418,0.7992302775382996,0.6799226403236389,-0.5517831444740295,-1.6831738948822021,0.0
3,1.0,"moire,geo,photo,blur",0,-0.746174156665802,-1.653721570968628,0.6967066526412964,0.6003952622413635,-0.9130565524101257,1.5282996892929077,-0.23068208992481232,0.9869275093078613,-0.6957111358642578,0.3427278995513916,1.140968918800354,0.5506503582000732,0.34618639945983887,-0.9992806911468506,-1.8873355388641357,0.0
4,1.0,"moire,geo,photo,blur",0,-1.1113686561584473,-1.6715775728225708,0.634348452091217,0.4891830086708069,-0.8325609564781189,1.4971500635147095,-0.12274373322725296,0.8143144249916077,-0.4219532907009125,0.3655239939689636,0.926491379737854,0.45042717456817627,0.04748212918639183,-1.527740478515625,-2.0388290882110596,0.0
5,1.0,"moire,geo,photo,blur",0,-1.4582518339157104,-1.712283968925476,0.5874708294868469,0.40299418568611145,-0.7884162664413452,1.2494049072265625,-0.3358848989009857,0.6751506328582764,-0.10087959468364716,0.28320401906967163,0.664440929889679,0.5463171005249023,0.05391492322087288,-2.258284568786621,-2.1594903469085693,0.0
6,1.0,"moire,geo,photo,blur",0,-1.5204349756240845,-1.772776484489441,0.577852189540863,0.6067702174186707,-1.1493257284164429,1.4276585578918457,-0.28369104862213135,1.0549739599227905,-0.28099381923675537,0.23949937522411346,0.6049429178237915,0.44094380736351013,0.11084473133087158,-2.732422113418579,-2.296082019805908,0.0
7,1.0,"moire,geo,photo,blur",0,-1.3967485427856445,-1.8870935440063477,0.5021985769271851,0.7454155683517456,-1.3185558319091797,1.9390852451324463,0.3726494610309601,1.3658643960952759,-0.3260144293308258,0.714758574962616,1.1025782823562622,0.5261484384536743,0.0756039023399353,-3.0175769329071045,-2.4047563076019287,0.0
8,1.0,"moire,geo,photo,blur",0,-1.1813300848007202,-2.119312047958374,0.30046793818473816,0.44574108719825745,-1.0823408365249634,2.0316014289855957,0.6031129956245422,1.3564027547836304,-0.12811999022960663,0.7861097455024719,1.2058262825012207,0.6788413524627686,-0.17218157649040222,-3.148087978363037,-2.4886791706085205,0.0
9,1.0,"moire,geo,photo,blur",0,-0.9235944747924805,-2.2560949325561523,0.26314958930015564,0.28259655833244324,-0.9731050133705139,2.009713888168335,0.6518183946609497,1.3678865432739258,-0.035357534885406494,0.7234727740287781,1.107208251953125,0.6447553038597107,-0.35872411727905273,-3.280409574508667,-2.563326358795166,0.0
10,1.0,"moire,geo,photo,blur",0,-0.6959870457649231,-2.3921098709106445,0.24428698420524597,0.24450528621673584,-0.9983430504798889,2.009774684906006,0.7055433392524719,1.4628628492355347,-0.03787815943360329,0.7220066785812378,0.9732128977775574,0.5050045251846313,-0.5708723664283752,-3.3881537914276123,-2.65360951423645,0.0
11,1.0,"moire,geo,photo,blur",0,-0.9584937691688538,-2.4701273441314697,0.05137965828180313,0.029045583680272102,-0.9710654020309448,1.7753781080245972,0.5589560270309448,1.3072516918182373,0.030640069395303726,0.5691193342208862,0.8746300339698792,0.5444636940956116,-0.5293188095092773,-3.499401807785034,-2.7084078788757324,0.0
12,1.0,"moire,geo,photo,blur",0,-0.9968830347061157,-2.613738536834717,-0.2761474549770355,-0.18359598517417908,-0.8585780262947083,1.9099514484405518,0.808170735836029,1.2175062894821167,0.1966852992773056,0.6406719088554382,1.2462214231491089,0.4456087052822113,-0.6915267705917358,-3.541078805923462,-2.7469615936279297,0.0
13,1.0,"moire,geo,photo,blur",0,-0.6609832048416138,-2.715425491333008,-0.17759044468402863,-0.19705434143543243,-0.7840082049369812,1.8589255809783936,0.6941368579864502,1.1977384090423584,0.21184474229812622,0.6462659239768982,1.093338966369629,0.3657558262348175,-0.7609536647796631,-3.6486904621124268,-2.758908987045288,0.0
14,1.0,"moire,geo,photo,blur",0,-0.4630175828933716,-2.7646992206573486,-0.021499425172805786,-0.33088797330856323,-0.6137523651123047,1.6489078998565674,0.2941129207611084,0.9760653972625732,0.3094344735145569,0.33783644437789917,0.7895895838737488,0.39562126994132996,-0.7434238791465759,-3.817720413208008,-2.7624199390411377,0.0
15,1.0,"moire,geo,photo,blur",0,0.10258941352367401,-2.7711760997772217,0.45476779341697693,-0.3739236295223236,-0.5554649233818054,1.464138388633728,0.004862639121711254,0.899735152721405,0.21080845594406128,0.02264811284840107,0.6485507488250732,0.27930065989494324,-0.7182643413543701,-3.957390308380127,-2.7767391204833984,0.0
1,1.0,"moire,geo,photo,noise",0,0.1122552677989006,-1.1878547668457031,0.5048792362213135,-0.5398620963096619,0.48659974336624146,-0.22033347189426422,-0.27485743165016174,-0.1730509251356125,0.23609085381031036,-0.6318569779396057,-0.2902347445487976,0.026199107989668846,0.02301778458058834,-0.30660590529441833,0.0,-1.2168124914169312
2,1.0,"moire,geo,photo,noise",0,0.13661061227321625,-1.7600078582763672,0.6005710363388062,-0.4982321262359619,0.5100025534629822,-0.20104986429214478,-0.145009383559227,-0.12291280180215836,0.18805405497550964,-0.6712074279785156,-0.18869461119174957,-0.056904710829257965,-0.01046968437731266,-0.20083896815776825,0.0,-1.8863184452056885
3,1.0,"moire,geo,photo,noise",0,0.1895422637462616,-1.877947449684143,0.6448289155960083,-0.22414565086364746,0.10265742987394333,-0.03433357551693916,-0.05648172274231911,0.0977708026766777,0.042509835213422775,-0.6746941804885864,-0.04289434477686882,-0.2102445513010025,-0.10243166983127594,-0.13249734044075012,0.0,-2.2697246074676514
4,1.0,"moire,geo,photo,noise",0,0.163722425699234,-1.8421727418899536,0.6441407799720764,-0.09139110147953033,0.09534527361392975,0.15378037095069885,0.09708896279335022,0.18577510118484497,-0.21027040481567383,-0.4428694546222687,0.05172497406601906,-0.07575959712266922,0.0995362177491188,-0.15321534872055054,0.0,-2.7455813884735107
5,1.0,"moire,geo,photo,noise",0,0.3343444764614105,-1.6911284923553467,0.7177705764770508,0.006387201603502035,0.014449335634708405,0.21497836709022522,0.02224290929734707,0.2543027997016907,-0.3770822584629059,-0.5044567584991455,-0.13993921875953674,-0.03309399634599686,0.16062720119953156,-0.16055379807949066,0.0,-3.239997625350952
6,1.0,"moire,geo,photo,noise",0,0.2703070640563965,-1.496517300605774,0.7803506255149841,0.3267490267753601,-0.3656344413757324,0.584354817867279,0.24183370172977448,0.6361120343208313,-0.6678230166435242,-0.08709697425365448,0.237434521317482,-0.05026479437947273,0.16160482168197632,0.07155580818653107,0.0,-3.559800386428833
7,1.0,"moire,geo,photo,noise",0,0.1728377640247345,-1.4418002367019653,0.7876062393188477,0.2628787159919739,-0.2507939636707306,1.0681531429290771,0.6816043257713318,0.8444492220878601,-0.6515134572982788,0.18538948893547058,0.5643540620803833,-0.15143056213855743,0.14609961211681366,-0.15560482442378998,0.0,-3.796830177307129
8,1.0,"moire,geo,photo,noise",0,0.03677532076835632,-1.6493149995803833,0.6065244078636169,0.35500290989875793,-0.4524831175804138,1.351234793663025,0.9290760159492493,1.1408097743988037,-0.8104472160339355,0.27508407831192017,0.7187631130218506,-0.0774492546916008,0.4046514332294464,-0.02790462039411068,0.0,-4.018957614898682
9,1.0,"moire,geo,photo,noise",0,-0.0039213369600474834,-1.7344720363616943,0.5949813723564148,0.4502832293510437,-0.6550160646438599,1.4483941793441772,0.9009930491447449,1.246678352355957,-0.8877571225166321,0.19408077001571655,0.7392984628677368,-0.016796711832284927,0.690091073513031,-0.2628246545791626,0.0,-4.067295551300049
10,1.0,"moire,geo,photo,noise",0,-0.016046052798628807,-1.871398687362671,0.3867371678352356,0.6559851169586182,-1.0513627529144287,1.3623433113098145,0.8129438757896423,1.666641116142273,-1.1309221982955933,0.24998050928115845,0.7550694346427917,-0.09960907697677612,0.6180139780044556,-0.38997501134872437,0.0,-4.060611724853516
11,1.0,"moire,geo,photo,noise",0,-0.2976069152355194,-2.008002281188965,0.025027384981513023,0.6349994540214539,-1.0633119344711304,1.453965663909912,0.9433624148368835,1.673195242881775,-1.1008137464523315,0.39584019780158997,0.920365571975708,-0.20013773441314697,0.49040985107421875,-0.6920281648635864,0.0,-4.118176460266113
12,1.0,"moire,geo,photo,noise",0,-0.3346402645111084,-2.203089952468872,-0.02434515580534935,0.681806206703186,-1.2256578207015991,1.642273187637329,1.0949432849884033,1.7167121171951294,-1.0573534965515137,0.5258887410163879,1.1152664422988892,-0.17776352167129517,0.5219496488571167,-1.3098801374435425,0.0,-4.224069595336914
13,1.0,"moire,geo,photo,noise",0,-0.5677945613861084,-2.458251714706421,-0.25324317812919617,0.7812011241912842,-1.2804373502731323,1.6188654899597168,0.9762399196624756,1.7334181070327759,-1.0913677215576172,0.5703870058059692,1.0901740789413452,-0.26165637373924255,0.5075432062149048,-1.8238040208816528,0.0,-4.372081756591797
14,1.0,"moire,geo,photo,noise",0,-0.6623263359069824,-2.649501323699951,-0.13378755748271942,0.5234736800193787,-1.0698316097259521,1.5974434614181519,0.9783053398132324,1.4925419092178345,-0.8299046158790588,0.5086100101470947,1.0096547603607178,-0.2885230481624603,0.5268125534057617,-2.4349007606506348,0.0,-4.4786248207092285
15,1.0,"moire,geo,photo,noise",0,-0.685530960559845,-2.795262575149536,-0.09607129544019699,1.1029616594314575,-1.4673489332199097,2.016054391860962,1.2896308898925781,2.1628520488739014,-1.4646719694137573,0.7897462248802185,1.4060351848602295,-0.41995319724082947,0.38880324363708496,-2.7779664993286133,0.0,-4.595996856689453
