held_out,model,kind,severity,accuracy,stability,n_images,seed
geo,M3-drop,geo,0.0,0.8987854251012146,1.0,988,0
geo,M3-drop,geo,0.2,0.8917004048582996,0.9719414904050017,988,0
geo,M3-drop,geo,0.4,0.8744939271255061,0.9581880067524157,988,0
geo,M3-drop,geo,0.6,0.8765182186234818,0.9479812127858521,988,0
geo,M3-drop,geo,0.8,0.8765182186234818,0.9376606709561367,988,0
geo,M3-drop,geo,1.0,0.8532388663967612,0.9232455226573867,988,0
geo,M3,geo,0.0,0.9048582995951417,1.0,988,0
geo,M3,geo,0.2,0.8876518218623481,0.9770363062499505,988,0
geo,M3,geo,0.4,0.8927125506072875,0.9684591524996738,988,0
geo,M3,geo,0.6,0.8805668016194332,0.9579916753266987,988,0
geo,M3,geo,0.8,0.8694331983805668,0.9501082134632929,988,0
geo,M3,geo,1.0,0.8522267206477733,0.941261314670084,988,0
photo,M3-drop,photo,0.0,0.9048582995951417,1.0,988,0
photo,M3-drop,photo,0.2,0.9038461538461539,0.9989823213955651,988,0
photo,M3-drop,photo,0.4,0.8977732793522267,0.996003359435541,988,0
photo,M3-drop,photo,0.6,0.8927125506072875,0.9917577693336889,988,0
photo,M3-drop,photo,0.8,0.8927125506072875,0.9857652988511059,988,0
photo,M3-drop,photo,1.0,0.8795546558704453,0.9754060540604688,988,0
photo,M3,photo,0.0,0.9048582995951417,1.0,988,0
photo,M3,photo,0.2,0.9008097165991903,0.999069372169402,988,0
photo,M3,photo,0.4,0.9008097165991903,0.9968631682608292,988,0
photo,M3,photo,0.6,0.8866396761133604,0.9931361279506915,988,0
photo,M3,photo,0.8,0.8805668016194332,0.9872150980991873,988,0
photo,M3,photo,1.0,0.8714574898785425,0.9777820872874395,988,0
blur,M3-drop,blur,0.0,0.9190283400809717,1.0,988,0
blur,M3-drop,blur,0.2,0.909919028340081,0.9911448038541354,988,0
blur,M3-drop,blur,0.4,0.881578947368421,0.9548050498190196,988,0
blur,M3-drop,blur,0.6,0.7874493927125507,0.8952181117254713,988,0
blur,M3-drop,blur,0.8,0.667004048582996,0.8185845946493419,988,0
blur,M3-drop,blur,1.0,0.5668016194331984,0.7515663714544011,988,0
blur,M3,blur,0.0,0.9048582995951417,1.0,988,0
blur,M3,blur,0.2,0.9078947368421053,0.9914148983202482,988,0
blur,M3,blur,0.4,0.8694331983805668,0.9592416624308597,988,0
blur,M3,blur,0.6,0.8066801619433198,0.910271015244457,988,0
blur,M3,blur,0.8,0.7095141700404858,0.8383494099142098,988,0
blur,M3,blur,1.0,0.5951417004048583,0.7692884684574266,988,0
noise,M3-drop,noise,0.0,0.9149797570850202,1.0,988,0
noise,M3-drop,noise,0.2,0.9058704453441295,0.9871645147501216,988,0
noise,M3-drop,noise,0.4,0.888663967611336,0.976434784862194,988,0
noise,M3-drop,noise,0.6,0.881578947368421,0.9646931370260262,988,0
noise,M3-drop,noise,0.8,0.8653846153846154,0.9500041336183124,988,0
noise,M3-drop,noise,1.0,0.8481781376518218,0.9330792678029913,988,0
noise,M3,noise,0.0,0.9048582995951417,1.0,988,0
noise,M3,noise,0.2,0.8866396761133604,0.987715844683319,988,0
noise,M3,noise,0.4,0.8825910931174089,0.9784497307379719,988,0
noise,M3,noise,0.6,0.8653846153846154,0.968088761997609,988,0
noise,M3,noise,0.8,0.8532388663967612,0.9564146744577509,988,0
noise,M3,noise,1.0,0.8431174089068826,0.9421059824677132,988,0
moire,M3-drop,moire,0.0,0.9089068825910931,1.0,988,0
moire,M3-drop,moire,0.2,0.902834008097166,0.9857089258881233,988,0
moire,M3-drop,moire,0.4,0.8795546558704453,0.9662215719338854,988,0
moire,M3-drop,moire,0.6,0.8481781376518218,0.9436796802258202,988,0
moire,M3-drop,moire,0.8,0.8178137651821862,0.9197755246027278,988,0
moire,M3-drop,moire,1.0,0.8006072874493927,0.8963139105422294,988,0
moire,M3,moire,0.0,0.9048582995951417,1.0,988,0
moire,M3,moire,0.2,0.8927125506072875,0.9864520428151737,988,0
moire,M3,moire,0.4,0.8694331983805668,0.9696637261734318,988,0
moire,M3,moire,0.6,0.8502024291497976,0.9511002046376588,988,0
moire,M3,moire,0.8,0.8319838056680162,0.9320022664089435,988,0
moire,M3,moire,1.0,0.7935222672064778,0.911285400390625,988,0
