model,instance_id,class,clean_path,simulated_path,real_path,clean_sim_cosine_distance,clean_real_cosine_distance
M2,01_beans,BEANS,M:\Projects\Research Projects\camera-robust-recognition\data\groceries\BEANS\BEANS0031.png,"in-memory invariance_core.distort(kind=combined, severity=1.0, seed=0, batch_index=0) of M:\Projects\Research Projects\camera-robust-recognition\data\groceries\BEANS\BEANS0031.png",M:\Projects\Research Projects\camera-robust-recognition\recapture_photos\01_beans.jpeg,0.300098180770874,0.15425515174865723
M2,02_cake,CAKE,M:\Projects\Research Projects\camera-robust-recognition\data\groceries\CAKE\CAKE0142.png,"in-memory invariance_core.distort(kind=combined, severity=1.0, seed=0, batch_index=1) of M:\Projects\Research Projects\camera-robust-recognition\data\groceries\CAKE\CAKE0142.png",M:\Projects\Research Projects\camera-robust-recognition\recapture_photos\02_cake.jpeg,0.0897020697593689,0.029343247413635254
M2,03_candy,CANDY,M:\Projects\Research Projects\camera-robust-recognition\data\groceries\CANDY\CANDY0265.png,"in-memory invariance_core.distort(kind=combined, severity=1.0, seed=0, batch_index=2) of M:\Projects\Research Projects\camera-robust-recognition\data\groceries\CANDY\CANDY0265.png",M:\Projects\Research Projects\camera-robust-recognition\recapture_photos\03_candy.jpeg,0.3777300715446472,0.07795453071594238
M2,04_cereal,CEREAL,M:\Projects\Research Projects\camera-robust-recognition\data\groceries\CEREAL\CEREAL0077.png,"in-memory invariance_core.distort(kind=combined, severity=1.0, seed=0, batch_index=3) of M:\Projects\Research Projects\camera-robust-recognition\data\groceries\CEREAL\CEREAL0077.png",M:\Projects\Research Projects\camera-robust-recognition\recapture_photos\04_cereal.jpeg,0.790012538433075,0.023135781288146973
M2,05_chips,CHIPS,M:\Projects\Research Projects\camera-robust-recognition\data\groceries\CHIPS\CHIPS0137.png,"in-memory invariance_core.distort(kind=combined, severity=1.0, seed=0, batch_index=4) of M:\Projects\Research Projects\camera-robust-recognition\data\groceries\CHIPS\CHIPS0137.png",M:\Projects\Research Projects\camera-robust-recognition\recapture_photos\05_chips.jpeg,0.1188129186630249,0.12507593631744385
M2,06_chocolate,CHOCOLATE,M:\Projects\Research Projects\camera-robust-recognition\data\groceries\CHOCOLATE\CHOCOLATE0096.png,"in-memory invariance_core.distort(kind=combined, severity=1.0, seed=0, batch_index=5) of M:\Projects\Research Projects\camera-robust-recognition\data\groceries\CHOCOLATE\CHOCOLATE0096.png",M:\Projects\Research Projects\camera-robust-recognition\recapture_photos\06_chocolate.jpeg,0.1565881371498108,0.03961539268493652
M2,07_coffee,COFFEE,M:\Projects\Research Projects\camera-robust-recognition\data\groceries\COFFEE\COFFEE0272.png,"in-memory invariance_core.distort(kind=combined, severity=1.0, seed=0, batch_index=6) of M:\Projects\Research Projects\camera-robust-recognition\data\groceries\COFFEE\COFFEE0272.png",M:\Projects\Research Projects\camera-robust-recognition\recapture_photos\07_coffee.jpeg,0.3527573347091675,0.1666300892829895
M2,08_corn,CORN,M:\Projects\Research Projects\camera-robust-recognition\data\groceries\CORN\CORN0043.png,"in-memory invariance_core.distort(kind=combined, severity=1.0, seed=0, batch_index=7) of M:\Projects\Research Projects\camera-robust-recognition\data\groceries\CORN\CORN0043.png",M:\Projects\Research Projects\camera-robust-recognition\recapture_photos\08_corn.jpeg,0.04125183820724487,0.2604549527168274
M2,09_fish,FISH,M:\Projects\Research Projects\camera-robust-recognition\data\groceries\FISH\FISH0095.png,"in-memory invariance_core.distort(kind=combined, severity=1.0, seed=0, batch_index=8) of M:\Projects\Research Projects\camera-robust-recognition\data\groceries\FISH\FISH0095.png",M:\Projects\Research Projects\camera-robust-recognition\recapture_photos\09_fish.jpeg,0.24456787109375,0.05576634407043457
M2,10_flour,FLOUR,M:\Projects\Research Projects\camera-robust-recognition\data\groceries\FLOUR\FLOUR0005.png,"in-memory invariance_core.distort(kind=combined, severity=1.0, seed=0, batch_index=9) of M:\Projects\Research Projects\camera-robust-recognition\data\groceries\FLOUR\FLOUR0005.png",M:\Projects\Research Projects\camera-robust-recognition\recapture_photos\10_flour.jpeg,0.22431015968322754,0.06124687194824219
M2,11_honey,HONEY,M:\Projects\Research Projects\camera-robust-recognition\data\groceries\HONEY\HONEY0105.png,"in-memory invariance_core.distort(kind=combined, severity=1.0, seed=0, batch_index=10) of M:\Projects\Research Projects\camera-robust-recognition\data\groceries\HONEY\HONEY0105.png",M:\Projects\Research Projects\camera-robust-recognition\recapture_photos\11_honey.jpeg,0.42852312326431274,0.11770129203796387
M2,12_jam,JAM,M:\Projects\Research Projects\camera-robust-recognition\data\groceries\JAM\JAM0128.png,"in-memory invariance_core.distort(kind=combined, severity=1.0, seed=0, batch_index=11) of M:\Projects\Research Projects\camera-robust-recognition\data\groceries\JAM\JAM0128.png",M:\Projects\Research Projects\camera-robust-recognition\recapture_photos\12_jam.jpeg,0.2900557518005371,0.01115328073501587
M2,13_juice,JUICE,M:\Projects\Research Projects\camera-robust-recognition\data\groceries\JUICE\JUICE0184.png,"in-memory invariance_core.distort(kind=combined, severity=1.0, seed=0, batch_index=12) of M:\Projects\Research Projects\camera-robust-recognition\data\groceries\JUICE\JUICE0184.png",M:\Projects\Research Projects\camera-robust-recognition\recapture_photos\13_juice.jpeg,0.5194495916366577,0.049359798431396484
M2,14_milk,MILK,M:\Projects\Research Projects\camera-robust-recognition\data\groceries\MILK\MILK0149.png,"in-memory invariance_core.distort(kind=combined, severity=1.0, seed=0, batch_index=13) of M:\Projects\Research Projects\camera-robust-recognition\data\groceries\MILK\MILK0149.png",M:\Projects\Research Projects\camera-robust-recognition\recapture_photos\14_milk.jpeg,0.3487265110015869,0.08949708938598633
M2,15_nuts,NUTS,M:\Projects\Research Projects\camera-robust-recognition\data\groceries\NUTS\NUTS0142.png,"in-memory invariance_core.distort(kind=combined, severity=1.0, seed=0, batch_index=14) of M:\Projects\Research Projects\camera-robust-recognition\data\groceries\NUTS\NUTS0142.png",M:\Projects\Research Projects\camera-robust-recognition\recapture_photos\15_nuts.jpeg,0.2855982184410095,0.08052515983581543
M2,16_oil,OIL,M:\Projects\Research Projects\camera-robust-recognition\data\groceries\OIL\OIL0050.png,"in-memory invariance_core.distort(kind=combined, severity=1.0, seed=0, batch_index=15) of M:\Projects\Research Projects\camera-robust-recognition\data\groceries\OIL\OIL0050.png",M:\Projects\Research Projects\camera-robust-recognition\recapture_photos\16_oil.jpeg,0.20552533864974976,0.22926193475723267
M2,17_pasta,PASTA,M:\Projects\Research Projects\camera-robust-recognition\data\groceries\PASTA\PASTA0113.png,"in-memory invariance_core.distort(kind=combined, severity=1.0, seed=0, batch_index=16) of M:\Projects\Research Projects\camera-robust-recognition\data\groceries\PASTA\PASTA0113.png",M:\Projects\Research Projects\camera-robust-recognition\recapture_photos\17_pasta.jpeg,0.20939815044403076,0.039474666118621826
M2,18_rice,RICE,M:\Projects\Research Projects\camera-robust-recognition\data\groceries\RICE\RICE0148.png,"in-memory invariance_core.distort(kind=combined, severity=1.0, seed=0, batch_index=17) of M:\Projects\Research Projects\camera-robust-recognition\data\groceries\RICE\RICE0148.png",M:\Projects\Research Projects\camera-robust-recognition\recapture_photos\18_rice.jpeg,0.11078304052352905,0.05145972967147827
M2,19_soda,SODA,M:\Projects\Research Projects\camera-robust-recognition\data\groceries\SODA\SODA0157.png,"in-memory invariance_core.distort(kind=combined, severity=1.0, seed=0, batch_index=18) of M:\Projects\Research Projects\camera-robust-recognition\data\groceries\SODA\SODA0157.png",M:\Projects\Research Projects\camera-robust-recognition\recapture_photos\19_soda.jpeg,0.031787097454071045,0.038159728050231934
M2,20_spices,SPICES,M:\Projects\Research Projects\camera-robust-recognition\data\groceries\SPICES\SPICES0152.png,"in-memory invariance_core.distort(kind=combined, severity=1.0, seed=0, batch_index=19) of M:\Projects\Research Projects\camera-robust-recognition\data\groceries\SPICES\SPICES0152.png",M:\Projects\Research Projects\camera-robust-recognition\recapture_photos\20_spices.jpeg,0.17012202739715576,0.10327291488647461
M2,21_sugar,SUGAR,M:\Projects\Research Projects\camera-robust-recognition\data\groceries\SUGAR\SUGAR0046.png,"in-memory invariance_core.distort(kind=combined, severity=1.0, seed=0, batch_index=20) of M:\Projects\Research Projects\camera-robust-recognition\data\groceries\SUGAR\SUGAR0046.png",M:\Projects\Research Projects\camera-robust-recognition\recapture_photos\21_sugar.jpeg,0.3824688196182251,0.22825080156326294
M2,22_tea,TEA,M:\Projects\Research Projects\camera-robust-recognition\data\groceries\TEA\TEA0228.png,"in-memory invariance_core.distort(kind=combined, severity=1.0, seed=0, batch_index=21) of M:\Projects\Research Projects\camera-robust-recognition\data\groceries\TEA\TEA0228.png",M:\Projects\Research Projects\camera-robust-recognition\recapture_photos\22_tea.jpeg,0.20731371641159058,0.11855262517929077
M2,23_tomato_sauce,TOMATO_SAUCE,M:\Projects\Research Projects\camera-robust-recognition\data\groceries\TOMATO_SAUCE\TOMATO_SAUCE0046.png,"in-memory invariance_core.distort(kind=combined, severity=1.0, seed=0, batch_index=22) of M:\Projects\Research Projects\camera-robust-recognition\data\groceries\TOMATO_SAUCE\TOMATO_SAUCE0046.png",M:\Projects\Research Projects\camera-robust-recognition\recapture_photos\23_tomato_sauce.jpeg,0.39090806245803833,0.027196049690246582
M2,24_vinegar,VINEGAR,M:\Projects\Research Projects\camera-robust-recognition\data\groceries\VINEGAR\VINEGAR0101.png,"in-memory invariance_core.distort(kind=combined, severity=1.0, seed=0, batch_index=23) of M:\Projects\Research Projects\camera-robust-recognition\data\groceries\VINEGAR\VINEGAR0101.png",M:\Projects\Research Projects\camera-robust-recognition\recapture_photos\24_vinegar.jpeg,0.03387629985809326,0.014791131019592285
M2,25_water,WATER,M:\Projects\Research Projects\camera-robust-recognition\data\groceries\WATER\WATER0034.png,"in-memory invariance_core.distort(kind=combined, severity=1.0, seed=0, batch_index=24) of M:\Projects\Research Projects\camera-robust-recognition\data\groceries\WATER\WATER0034.png",M:\Projects\Research Projects\camera-robust-recognition\recapture_photos\25_water.jpeg,0.07757061719894409,0.18123358488082886
M3,01_beans,BEANS,M:\Projects\Research Projects\camera-robust-recognition\data\groceries\BEANS\BEANS0031.png,"in-memory invariance_core.distort(kind=combined, severity=1.0, seed=0, batch_index=0) of M:\Projects\Research Projects\camera-robust-recognition\data\groceries\BEANS\BEANS0031.png",M:\Projects\Research Projects\camera-robust-recognition\recapture_photos\01_beans.jpeg,0.365342915058136,0.16143113374710083
M3,02_cake,CAKE,M:\Projects\Research Projects\camera-robust-recognition\data\groceries\CAKE\CAKE0142.png,"in-memory invariance_core.distort(kind=combined, severity=1.0, seed=0, batch_index=1) of M:\Projects\Research Projects\camera-robust-recognition\data\groceries\CAKE\CAKE0142.png",M:\Projects\Research Projects\camera-robust-recognition\recapture_photos\02_cake.jpeg,0.10613501071929932,0.025417089462280273
M3,03_candy,CANDY,M:\Projects\Research Projects\camera-robust-recognition\data\groceries\CANDY\CANDY0265.png,"in-memory invariance_core.distort(kind=combined, severity=1.0, seed=0, batch_index=2) of M:\Projects\Research Projects\camera-robust-recognition\data\groceries\CANDY\CANDY0265.png",M:\Projects\Research Projects\camera-robust-recognition\recapture_photos\03_candy.jpeg,0.5460143089294434,0.07473576068878174
M3,04_cereal,CEREAL,M:\Projects\Research Projects\camera-robust-recognition\data\groceries\CEREAL\CEREAL0077.png,"in-memory invariance_core.distort(kind=combined, severity=1.0, seed=0, batch_index=3) of M:\Projects\Research Projects\camera-robust-recognition\data\groceries\CEREAL\CEREAL0077.png",M:\Projects\Research Projects\camera-robust-recognition\recapture_photos\04_cereal.jpeg,0.7095410823822021,0.005016326904296875
M3,05_chips,CHIPS,M:\Projects\Research Projects\camera-robust-recognition\data\groceries\CHIPS\CHIPS0137.png,"in-memory invariance_core.distort(kind=combined, severity=1.0, seed=0, batch_index=4) of M:\Projects\Research Projects\camera-robust-recognition\data\groceries\CHIPS\CHIPS0137.png",M:\Projects\Research Projects\camera-robust-recognition\recapture_photos\05_chips.jpeg,0.24949973821640015,0.2737916111946106
M3,06_chocolate,CHOCOLATE,M:\Projects\Research Projects\camera-robust-recognition\data\groceries\CHOCOLATE\CHOCOLATE0096.png,"in-memory invariance_core.distort(kind=combined, severity=1.0, seed=0, batch_index=5) of M:\Projects\Research Projects\camera-robust-recognition\data\groceries\CHOCOLATE\CHOCOLATE0096.png",M:\Projects\Research Projects\camera-robust-recognition\recapture_photos\06_chocolate.jpeg,0.788955569267273,0.009654641151428223
M3,07_coffee,COFFEE,M:\Projects\Research Projects\camera-robust-recognition\data\groceries\COFFEE\COFFEE0272.png,"in-memory invariance_core.distort(kind=combined, severity=1.0, seed=0, batch_index=6) of M:\Projects\Research Projects\camera-robust-recognition\data\groceries\COFFEE\COFFEE0272.png",M:\Projects\Research Projects\camera-robust-recognition\recapture_photos\07_coffee.jpeg,0.4835165739059448,0.27287018299102783
M3,08_corn,CORN,M:\Projects\Research Projects\camera-robust-recognition\data\groceries\CORN\CORN0043.png,"in-memory invariance_core.distort(kind=combined, severity=1.0, seed=0, batch_index=7) of M:\Projects\Research Projects\camera-robust-recognition\data\groceries\CORN\CORN0043.png",M:\Projects\Research Projects\camera-robust-recognition\recapture_photos\08_corn.jpeg,0.08091562986373901,0.38999903202056885
M3,09_fish,FISH,M:\Projects\Research Projects\camera-robust-recognition\data\groceries\FISH\FISH0095.png,"in-memory invariance_core.distort(kind=combined, severity=1.0, seed=0, batch_index=8) of M:\Projects\Research Projects\camera-robust-recognition\data\groceries\FISH\FISH0095.png",M:\Projects\Research Projects\camera-robust-recognition\recapture_photos\09_fish.jpeg,0.8955645561218262,0.15959781408309937
M3,10_flour,FLOUR,M:\Projects\Research Projects\camera-robust-recognition\data\groceries\FLOUR\FLOUR0005.png,"in-memory invariance_core.distort(kind=combined, severity=1.0, seed=0, batch_index=9) of M:\Projects\Research Projects\camera-robust-recognition\data\groceries\FLOUR\FLOUR0005.png",M:\Projects\Research Projects\camera-robust-recognition\recapture_photos\10_flour.jpeg,0.7205847501754761,0.030347168445587158
M3,11_honey,HONEY,M:\Projects\Research Projects\camera-robust-recognition\data\groceries\HONEY\HONEY0105.png,"in-memory invariance_core.distort(kind=combined, severity=1.0, seed=0, batch_index=10) of M:\Projects\Research Projects\camera-robust-recognition\data\groceries\HONEY\HONEY0105.png",M:\Projects\Research Projects\camera-robust-recognition\recapture_photos\11_honey.jpeg,0.7843348979949951,0.582203209400177
M3,12_jam,JAM,M:\Projects\Research Projects\camera-robust-recognition\data\groceries\JAM\JAM0128.png,"in-memory invariance_core.distort(kind=combined, severity=1.0, seed=0, batch_index=11) of M:\Projects\Research Projects\camera-robust-recognition\data\groceries\JAM\JAM0128.png",M:\Projects\Research Projects\camera-robust-recognition\recapture_photos\12_jam.jpeg,0.3041888475418091,0.008749246597290039
M3,13_juice,JUICE,M:\Projects\Research Projects\camera-robust-recognition\data\groceries\JUICE\JUICE0184.png,"in-memory invariance_core.distort(kind=combined, severity=1.0, seed=0, batch_index=12) of M:\Projects\Research Projects\camera-robust-recognition\data\groceries\JUICE\JUICE0184.png",M:\Projects\Research Projects\camera-robust-recognition\recapture_photos\13_juice.jpeg,0.2402309775352478,0.04778563976287842
M3,14_milk,MILK,M:\Projects\Research Projects\camera-robust-recognition\data\groceries\MILK\MILK0149.png,"in-memory invariance_core.distort(kind=combined, severity=1.0, seed=0, batch_index=13) of M:\Projects\Research Projects\camera-robust-recognition\data\groceries\MILK\MILK0149.png",M:\Projects\Research Projects\camera-robust-recognition\recapture_photos\14_milk.jpeg,0.3812997341156006,0.12644529342651367
M3,15_nuts,NUTS,M:\Projects\Research Projects\camera-robust-recognition\data\groceries\NUTS\NUTS0142.png,"in-memory invariance_core.distort(kind=combined, severity=1.0, seed=0, batch_index=14) of M:\Projects\Research Projects\camera-robust-recognition\data\groceries\NUTS\NUTS0142.png",M:\Projects\Research Projects\camera-robust-recognition\recapture_photos\15_nuts.jpeg,0.05596858263015747,0.008960425853729248
M3,16_oil,OIL,M:\Projects\Research Projects\camera-robust-recognition\data\groceries\OIL\OIL0050.png,"in-memory invariance_core.distort(kind=combined, severity=1.0, seed=0, batch_index=15) of M:\Projects\Research Projects\camera-robust-recognition\data\groceries\OIL\OIL0050.png",M:\Projects\Research Projects\camera-robust-recognition\recapture_photos\16_oil.jpeg,0.3001999258995056,0.27197694778442383
M3,17_pasta,PASTA,M:\Projects\Research Projects\camera-robust-recognition\data\groceries\PASTA\PASTA0113.png,"in-memory invariance_core.distort(kind=combined, severity=1.0, seed=0, batch_index=16) of M:\Projects\Research Projects\camera-robust-recognition\data\groceries\PASTA\PASTA0113.png",M:\Projects\Research Projects\camera-robust-recognition\recapture_photos\17_pasta.jpeg,0.28790462017059326,0.058467745780944824
M3,18_rice,RICE,M:\Projects\Research Projects\camera-robust-recognition\data\groceries\RICE\RICE0148.png,"in-memory invariance_core.distort(kind=combined, severity=1.0, seed=0, batch_index=17) of M:\Projects\Research Projects\camera-robust-recognition\data\groceries\RICE\RICE0148.png",M:\Projects\Research Projects\camera-robust-recognition\recapture_photos\18_rice.jpeg,0.2237696647644043,0.1205143928527832
M3,19_soda,SODA,M:\Projects\Research Projects\camera-robust-recognition\data\groceries\SODA\SODA0157.png,"in-memory invariance_core.distort(kind=combined, severity=1.0, seed=0, batch_index=18) of M:\Projects\Research Projects\camera-robust-recognition\data\groceries\SODA\SODA0157.png",M:\Projects\Research Projects\camera-robust-recognition\recapture_photos\19_soda.jpeg,0.07588911056518555,0.11142200231552124
M3,20_spices,SPICES,M:\Projects\Research Projects\camera-robust-recognition\data\groceries\SPICES\SPICES0152.png,"in-memory invariance_core.distort(kind=combined, severity=1.0, seed=0, batch_index=19) of M:\Projects\Research Projects\camera-robust-recognition\data\groceries\SPICES\SPICES0152.png",M:\Projects\Research Projects\camera-robust-recognition\recapture_photos\20_spices.jpeg,0.17624449729919434,0.19917041063308716
M3,21_sugar,SUGAR,M:\Projects\Research Projects\camera-robust-recognition\data\groceries\SUGAR\SUGAR0046.png,"in-memory invariance_core.distort(kind=combined, severity=1.0, seed=0, batch_index=20) of M:\Projects\Research Projects\camera-robust-recognition\data\groceries\SUGAR\SUGAR0046.png",M:\Projects\Research Projects\camera-robust-recognition\recapture_photos\21_sugar.jpeg,0.32445311546325684,0.8699057102203369
M3,22_tea,TEA,M:\Projects\Research Projects\camera-robust-recognition\data\groceries\TEA\TEA0228.png,"in-memory invariance_core.distort(kind=combined, severity=1.0, seed=0, batch_index=21) of M:\Projects\Research Projects\camera-robust-recognition\data\groceries\TEA\TEA0228.png",M:\Projects\Research Projects\camera-robust-recognition\recapture_photos\22_tea.jpeg,0.24958914518356323,0.15960299968719482
M3,23_tomato_sauce,TOMATO_SAUCE,M:\Projects\Research Projects\camera-robust-recognition\data\groceries\TOMATO_SAUCE\TOMATO_SAUCE0046.png,"in-memory invariance_core.distort(kind=combined, severity=1.0, seed=0, batch_index=22) of M:\Projects\Research Projects\camera-robust-recognition\data\groceries\TOMATO_SAUCE\TOMATO_SAUCE0046.png",M:\Projects\Research Projects\camera-robust-recognition\recapture_photos\23_tomato_sauce.jpeg,0.5511939525604248,0.11887556314468384
M3,24_vinegar,VINEGAR,M:\Projects\Research Projects\camera-robust-recognition\data\groceries\VINEGAR\VINEGAR0101.png,"in-memory invariance_core.distort(kind=combined, severity=1.0, seed=0, batch_index=23) of M:\Projects\Research Projects\camera-robust-recognition\data\groceries\VINEGAR\VINEGAR0101.png",M:\Projects\Research Projects\camera-robust-recognition\recapture_photos\24_vinegar.jpeg,0.046311259269714355,0.09257662296295166
M3,25_water,WATER,M:\Projects\Research Projects\camera-robust-recognition\data\groceries\WATER\WATER0034.png,"in-memory invariance_core.distort(kind=combined, severity=1.0, seed=0, batch_index=24) of M:\Projects\Research Projects\camera-robust-recognition\data\groceries\WATER\WATER0034.png",M:\Projects\Research Projects\camera-robust-recognition\recapture_photos\25_water.jpeg,0.03156602382659912,0.30479180812835693
