filename,true_label
01_beans.jpg,BEANS
02_cake.jpg,CAKE
03_candy.jpg,CANDY
04_cereal.jpg,CEREAL
05_chips.jpg,CHIPS
06_chocolate.jpg,CHOCOLATE
07_coffee.jpg,COFFEE
08_corn.jpg,CORN
09_fish.jpg,FISH
10_flour.jpg,FLOUR
11_honey.jpg,HONEY
12_jam.jpg,JAM
13_juice.jpg,JUICE
14_milk.jpg,MILK
15_nuts.jpg,NUTS
16_oil.jpg,OIL
17_pasta.jpg,PASTA
18_rice.jpg,RICE
19_soda.jpg,SODA
20_spices.jpg,SPICES
21_sugar.jpg,SUGAR
22_tea.jpg,TEA
23_tomato_sauce.jpg,TOMATO_SAUCE
24_vinegar.jpg,VINEGAR
25_water.jpg,WATER
