filename,true_label,M0,M1,M2,M3,M3-t0
01_beans.jpg,BEANS,NUTS,NUTS,CEREAL,NUTS,CAKE
02_cake.jpg,CAKE,CHOCOLATE,CHOCOLATE,CAKE,CHOCOLATE,CAKE
03_candy.jpg,CANDY,CANDY,CANDY,CANDY,CANDY,CAKE
04_cereal.jpg,CEREAL,CEREAL,CEREAL,CEREAL,CEREAL,CAKE
05_chips.jpg,CHIPS,CEREAL,NUTS,CORN,CHIPS,CAKE
06_chocolate.jpg,CHOCOLATE,CHOCOLATE,CHOCOLATE,CHOCOLATE,CHOCOLATE,CAKE
07_coffee.jpg,COFFEE,FLOUR,COFFEE,TOMATO_SAUCE,COFFEE,CAKE
08_corn.jpg,CORN,PASTA,BEANS,FISH,BEANS,CAKE
09_fish.jpg,FISH,CANDY,FISH,SPICES,FISH,CAKE
10_flour.jpg,FLOUR,FLOUR,FLOUR,FLOUR,FLOUR,CAKE
11_honey.jpg,HONEY,TOMATO_SAUCE,SODA,HONEY,COFFEE,CAKE
12_jam.jpg,JAM,JAM,JAM,JAM,JAM,CAKE
13_juice.jpg,JUICE,TOMATO_SAUCE,JUICE,JUICE,JUICE,CAKE
14_milk.jpg,MILK,MILK,FISH,MILK,MILK,CAKE
15_nuts.jpg,NUTS,NUTS,NUTS,NUTS,NUTS,CAKE
16_oil.jpg,OIL,CHOCOLATE,CHOCOLATE,OIL,COFFEE,CAKE
17_pasta.jpg,PASTA,PASTA,PASTA,PASTA,PASTA,CAKE
18_rice.jpg,RICE,PASTA,RICE,RICE,RICE,CAKE
19_soda.jpg,SODA,SODA,WATER,SODA,WATER,CAKE
20_spices.jpg,SPICES,TOMATO_SAUCE,SPICES,SPICES,SPICES,CAKE
21_sugar.jpg,SUGAR,CEREAL,COFFEE,SUGAR,COFFEE,CAKE
22_tea.jpg,TEA,TEA,CHOCOLATE,TEA,CHOCOLATE,CAKE
23_tomato_sauce.jpg,TOMATO_SAUCE,TOMATO_SAUCE,TOMATO_SAUCE,TOMATO_SAUCE,TOMATO_SAUCE,CAKE
24_vinegar.jpg,VINEGAR,OIL,VINEGAR,VINEGAR,VINEGAR,CAKE
25_water.jpg,WATER,JAM,WATER,JAM,WATER,CAKE
