model,instance_id,class,condition,feature_distance,correct_similarity,nearest_wrong_similarity,semantic_margin,predicted_class,correct
M2,01_beans,BEANS,clean,0.0,0.17664290964603424,0.09112793207168579,0.08551497757434845,BEANS,1
M2,01_beans,BEANS,simulated,0.300098180770874,0.0632055252790451,0.05324438959360123,0.009961135685443878,BEANS,1
M2,01_beans,BEANS,real,0.15425515174865723,0.0855686292052269,0.10474210232496262,-0.019173473119735718,CEREAL,0
M2,02_cake,CAKE,clean,0.0,0.19585329294204712,0.15241047739982605,0.04344281554222107,CAKE,1
M2,02_cake,CAKE,simulated,0.0897020697593689,0.18892568349838257,0.11935462802648544,0.06957105547189713,CAKE,1
M2,02_cake,CAKE,real,0.029343247413635254,0.204598531126976,0.14100366830825806,0.06359486281871796,CAKE,1
M2,03_candy,CANDY,clean,0.0,0.21647082269191742,0.14104798436164856,0.07542283833026886,CANDY,1
M2,03_candy,CANDY,simulated,0.3777300715446472,0.030723270028829575,0.10135066509246826,-0.07062739506363869,CHIPS,0
M2,03_candy,CANDY,real,0.07795453071594238,0.14546480774879456,0.13523054122924805,0.010234266519546509,CANDY,1
M2,04_cereal,CEREAL,clean,0.0,0.18285365402698517,0.12923187017440796,0.05362178385257721,CEREAL,1
M2,04_cereal,CEREAL,simulated,0.790012538433075,-0.04545396938920021,0.06519502401351929,-0.1106489934027195,PASTA,0
M2,04_cereal,CEREAL,real,0.023135781288146973,0.16423097252845764,0.10572582483291626,0.05850514769554138,CEREAL,1
M2,05_chips,CHIPS,clean,0.0,0.12005237489938736,0.09304215013980865,0.027010224759578705,CHIPS,1
M2,05_chips,CHIPS,simulated,0.1188129186630249,0.06616092473268509,0.07520484924316406,-0.009043924510478973,PASTA,0
M2,05_chips,CHIPS,real,0.12507593631744385,-0.013929723761975765,0.06737416982650757,-0.08130389358848333,CORN,0
M2,06_chocolate,CHOCOLATE,clean,0.0,0.1873343288898468,0.08751122653484344,0.09982310235500336,CHOCOLATE,1
M2,06_chocolate,CHOCOLATE,simulated,0.1565881371498108,0.07844142615795135,0.13337314128875732,-0.05493171513080597,PASTA,0
M2,06_chocolate,CHOCOLATE,real,0.03961539268493652,0.1920468658208847,0.08067765831947327,0.11136920750141144,CHOCOLATE,1
M2,07_coffee,COFFEE,clean,0.0,0.08556053787469864,0.08818334341049194,-0.0026228055357933044,TOMATO_SAUCE,0
M2,07_coffee,COFFEE,simulated,0.3527573347091675,-0.015966080129146576,0.12406686693429947,-0.14003294706344604,JUICE,0
M2,07_coffee,COFFEE,real,0.1666300892829895,0.023704595863819122,0.05278019607067108,-0.02907560020685196,TOMATO_SAUCE,0
M2,08_corn,CORN,clean,0.0,0.13786548376083374,0.1186995655298233,0.019165918231010437,CORN,1
M2,08_corn,CORN,simulated,0.04125183820724487,0.14242023229599,0.06941218674182892,0.07300804555416107,CORN,1
M2,08_corn,CORN,real,0.2604549527168274,0.07326266169548035,0.1738894283771515,-0.10062676668167114,FISH,0
M2,09_fish,FISH,clean,0.0,0.07042141258716583,0.15805849432945251,-0.08763708174228668,MILK,0
M2,09_fish,FISH,simulated,0.24456787109375,0.0530213937163353,0.09321191906929016,-0.040190525352954865,CHOCOLATE,0
M2,09_fish,FISH,real,0.05576634407043457,0.08415558934211731,0.12352640926837921,-0.0393708199262619,SPICES,0
M2,10_flour,FLOUR,clean,0.0,0.14822879433631897,0.11130587756633759,0.036922916769981384,FLOUR,1
M2,10_flour,FLOUR,simulated,0.22431015968322754,0.05010591447353363,0.10310736298561096,-0.05300144851207733,CHOCOLATE,0
M2,10_flour,FLOUR,real,0.06124687194824219,0.16759958863258362,0.08071006089448929,0.08688952773809433,FLOUR,1
M2,11_honey,HONEY,clean,0.0,0.19796472787857056,0.09493887424468994,0.10302585363388062,HONEY,1
M2,11_honey,HONEY,simulated,0.42852312326431274,0.03954280540347099,0.10602310299873352,-0.06648029759526253,PASTA,0
M2,11_honey,HONEY,real,0.11770129203796387,0.15859661996364594,0.08954787254333496,0.06904874742031097,HONEY,1
M2,12_jam,JAM,clean,0.0,0.2267031967639923,0.08039218932390213,0.14631100744009018,JAM,1
M2,12_jam,JAM,simulated,0.2900557518005371,0.16148939728736877,0.06912120431661606,0.09236819297075272,JAM,1
M2,12_jam,JAM,real,0.01115328073501587,0.2066556215286255,0.08297646790742874,0.12367915362119675,JAM,1
M2,13_juice,JUICE,clean,0.0,0.19290217757225037,0.06845977902412415,0.12444239854812622,JUICE,1
M2,13_juice,JUICE,simulated,0.5194495916366577,0.012362048961222172,0.15396910905838013,-0.14160706009715796,JAM,0
M2,13_juice,JUICE,real,0.049359798431396484,0.19968996942043304,0.03365279361605644,0.1660371758043766,JUICE,1
M2,14_milk,MILK,clean,0.0,0.21658241748809814,0.09339982271194458,0.12318259477615356,MILK,1
M2,14_milk,MILK,simulated,0.3487265110015869,0.060367483645677567,0.13282230496406555,-0.07245482131838799,COFFEE,0
M2,14_milk,MILK,real,0.08949708938598633,0.18146510422229767,0.06720861792564392,0.11425648629665375,MILK,1
M2,15_nuts,NUTS,clean,0.0,0.2048799991607666,0.0563858225941658,0.1484941765666008,NUTS,1
M2,15_nuts,NUTS,simulated,0.2855982184410095,0.052911050617694855,0.17368492484092712,-0.12077387422323227,CEREAL,0
M2,15_nuts,NUTS,real,0.08052515983581543,0.15450924634933472,0.08245237916707993,0.07205686718225479,NUTS,1
M2,16_oil,OIL,clean,0.0,0.06486526131629944,0.12178605794906616,-0.056920796632766724,COFFEE,0
M2,16_oil,OIL,simulated,0.20552533864974976,-0.010760924778878689,0.09980375319719315,-0.11056467797607183,COFFEE,0
M2,16_oil,OIL,real,0.22926193475723267,0.10877339541912079,0.08994133770465851,0.01883205771446228,OIL,1
M2,17_pasta,PASTA,clean,0.0,0.22514274716377258,0.06948672980070114,0.15565601736307144,PASTA,1
M2,17_pasta,PASTA,simulated,0.20939815044403076,0.13837523758411407,0.09197472035884857,0.0464005172252655,PASTA,1
M2,17_pasta,PASTA,real,0.039474666118621826,0.18897807598114014,0.0818067416548729,0.10717133432626724,PASTA,1
M2,18_rice,RICE,clean,0.0,0.1952577382326126,0.1498226821422577,0.04543505609035492,RICE,1
M2,18_rice,RICE,simulated,0.11078304052352905,0.09034238755702972,0.14196820557117462,-0.0516258180141449,TEA,0
M2,18_rice,RICE,real,0.05145972967147827,0.18592524528503418,0.12220754474401474,0.06371770054101944,RICE,1
M2,19_soda,SODA,clean,0.0,0.20903457701206207,0.06062157079577446,0.1484130062162876,SODA,1
M2,19_soda,SODA,simulated,0.031787097454071045,0.16401395201683044,0.09350129961967468,0.07051265239715576,SODA,1
M2,19_soda,SODA,real,0.038159728050231934,0.19473809003829956,0.09887999296188354,0.09585809707641602,SODA,1
M2,20_spices,SPICES,clean,0.0,0.1319144368171692,0.03670251742005348,0.09521191939711571,SPICES,1
M2,20_spices,SPICES,simulated,0.17012202739715576,0.07219497859477997,0.08281081169843674,-0.010615833103656769,SODA,0
M2,20_spices,SPICES,real,0.10327291488647461,0.12973898649215698,0.013332150876522064,0.11640683561563492,SPICES,1
M2,21_sugar,SUGAR,clean,0.0,0.2405802309513092,0.08714224398136139,0.15343798696994781,SUGAR,1
M2,21_sugar,SUGAR,simulated,0.3824688196182251,0.01588473841547966,0.12672901153564453,-0.11084427312016487,SPICES,0
M2,21_sugar,SUGAR,real,0.22825080156326294,0.13391004502773285,0.12209999561309814,0.011810049414634705,SUGAR,1
M2,22_tea,TEA,clean,0.0,0.1709911823272705,0.12753501534461975,0.04345616698265076,TEA,1
M2,22_tea,TEA,simulated,0.20731371641159058,0.05417642742395401,0.10359984636306763,-0.04942341893911362,JUICE,0
M2,22_tea,TEA,real,0.11855262517929077,0.15548978745937347,0.13586769998073578,0.019622087478637695,TEA,1
M2,23_tomato_sauce,TOMATO_SAUCE,clean,0.0,0.27519944310188293,0.057599302381277084,0.21760014072060585,TOMATO_SAUCE,1
M2,23_tomato_sauce,TOMATO_SAUCE,simulated,0.39090806245803833,0.059579990804195404,0.12038785219192505,-0.060807861387729645,COFFEE,0
M2,23_tomato_sauce,TOMATO_SAUCE,real,0.027196049690246582,0.2591966390609741,0.06342010200023651,0.1957765370607376,TOMATO_SAUCE,1
M2,24_vinegar,VINEGAR,clean,0.0,0.17489449679851532,0.18104416131973267,-0.006149664521217346,OIL,0
M2,24_vinegar,VINEGAR,simulated,0.03387629985809326,0.13252508640289307,0.14655348658561707,-0.014028400182723999,OIL,0
M2,24_vinegar,VINEGAR,real,0.014791131019592285,0.16184799373149872,0.1600046157836914,0.001843377947807312,VINEGAR,1
M2,25_water,WATER,clean,0.0,0.1584709733724594,0.0851418524980545,0.07332912087440491,WATER,1
M2,25_water,WATER,simulated,0.07757061719894409,0.18746361136436462,0.08030732721090317,0.10715628415346146,WATER,1
M2,25_water,WATER,real,0.18123358488082886,0.024560213088989258,0.13033577799797058,-0.10577556490898132,JAM,0
M3,01_beans,BEANS,clean,0.0,0.28860488533973694,0.12481892108917236,0.16378596425056458,BEANS,1
M3,01_beans,BEANS,simulated,0.365342915058136,0.15854297578334808,0.1706606149673462,-0.012117639183998108,NUTS,0
M3,01_beans,BEANS,real,0.16143113374710083,0.17975595593452454,0.2648927867412567,-0.08513683080673218,NUTS,0
M3,02_cake,CAKE,clean,0.0,0.2720438838005066,0.3484812378883362,-0.07643735408782959,CHOCOLATE,0
M3,02_cake,CAKE,simulated,0.10613501071929932,0.23523376882076263,0.30674439668655396,-0.07151062786579132,CHOCOLATE,0
M3,02_cake,CAKE,real,0.025417089462280273,0.22578763961791992,0.36935675144195557,-0.14356911182403564,CHOCOLATE,0
M3,03_candy,CANDY,clean,0.0,0.37681594491004944,0.12693434953689575,0.2498815953731537,CANDY,1
M3,03_candy,CANDY,simulated,0.5460143089294434,0.11587616056203842,0.19949832558631897,-0.08362216502428055,CHIPS,0
M3,03_candy,CANDY,real,0.07473576068878174,0.31913822889328003,0.14485086500644684,0.1742873638868332,CANDY,1
M3,04_cereal,CEREAL,clean,0.0,0.37490326166152954,0.10541324317455292,0.2694900184869766,CEREAL,1
M3,04_cereal,CEREAL,simulated,0.7095410823822021,0.06949307024478912,0.2093001902103424,-0.13980711996555328,COFFEE,0
M3,04_cereal,CEREAL,real,0.005016326904296875,0.36805519461631775,0.09674675762653351,0.27130843698978424,CEREAL,1
M3,05_chips,CHIPS,clean,0.0,0.338331013917923,0.0708083063364029,0.2675227075815201,CHIPS,1
M3,05_chips,CHIPS,simulated,0.24949973821640015,0.22423440217971802,0.17525295913219452,0.0489814430475235,CHIPS,1
M3,05_chips,CHIPS,real,0.2737916111946106,0.18225732445716858,0.15828199684619904,0.023975327610969543,CHIPS,1
M3,06_chocolate,CHOCOLATE,clean,0.0,0.3918195962905884,0.1713542640209198,0.22046533226966858,CHOCOLATE,1
M3,06_chocolate,CHOCOLATE,simulated,0.788955569267273,0.02386544831097126,0.21550104022026062,-0.19163559190928936,CAKE,0
M3,06_chocolate,CHOCOLATE,real,0.009654641151428223,0.3892616629600525,0.14988607168197632,0.23937559127807617,CHOCOLATE,1
M3,07_coffee,COFFEE,clean,0.0,0.1755228340625763,0.3042667508125305,-0.12874391674995422,CHOCOLATE,0
M3,07_coffee,COFFEE,simulated,0.4835165739059448,0.13075798749923706,0.18646885454654694,-0.055710867047309875,CAKE,0
M3,07_coffee,COFFEE,real,0.27287018299102783,0.33515214920043945,0.20567932724952698,0.12947282195091248,COFFEE,1
M3,08_corn,CORN,clean,0.0,0.36649778485298157,0.1060076504945755,0.26049013435840607,CORN,1
M3,08_corn,CORN,simulated,0.08091562986373901,0.3341272175312042,0.119637630879879,0.21448958665132523,CORN,1
M3,08_corn,CORN,real,0.38999903202056885,0.1310812383890152,0.19939428567886353,-0.06831304728984833,BEANS,0
M3,09_fish,FISH,clean,0.0,0.37667709589004517,0.14999166131019592,0.22668543457984924,FISH,1
M3,09_fish,FISH,simulated,0.8955645561218262,0.05857012793421745,0.32085299491882324,-0.2622828669846058,CAKE,0
M3,09_fish,FISH,real,0.15959781408309937,0.3150218427181244,0.1262359470129013,0.18878589570522308,FISH,1
M3,10_flour,FLOUR,clean,0.0,0.3228938579559326,0.07898859679698944,0.24390526115894318,FLOUR,1
M3,10_flour,FLOUR,simulated,0.7205847501754761,0.08376647531986237,0.3210594058036804,-0.23729293048381805,CAKE,0
M3,10_flour,FLOUR,real,0.030347168445587158,0.29018262028694153,0.1087832897901535,0.18139933049678802,FLOUR,1
M3,11_honey,HONEY,clean,0.0,0.3474631607532501,0.10557389259338379,0.24188926815986633,HONEY,1
M3,11_honey,HONEY,simulated,0.7843348979949951,0.038159869611263275,0.20222574472427368,-0.1640658751130104,SPICES,0
M3,11_honey,HONEY,real,0.582203209400177,0.13738691806793213,0.29373371601104736,-0.15634679794311523,COFFEE,0
M3,12_jam,JAM,clean,0.0,0.33485883474349976,0.08098664879798889,0.25387218594551086,JAM,1
M3,12_jam,JAM,simulated,0.3041888475418091,0.18565146625041962,0.24339866638183594,-0.05774720013141632,SPICES,0
M3,12_jam,JAM,real,0.008749246597290039,0.3205026686191559,0.08769985288381577,0.23280281573534012,JAM,1
M3,13_juice,JUICE,clean,0.0,0.3674047291278839,0.09636568278074265,0.27103904634714127,JUICE,1
M3,13_juice,JUICE,simulated,0.2402309775352478,0.2935887277126312,0.2028847336769104,0.09070399403572083,JUICE,1
M3,13_juice,JUICE,real,0.04778563976287842,0.33655092120170593,0.12706387042999268,0.20948705077171326,JUICE,1
M3,14_milk,MILK,clean,0.0,0.32001304626464844,0.2914631962776184,0.02854984998703003,MILK,1
M3,14_milk,MILK,simulated,0.3812997341156006,0.15308678150177002,0.22823607921600342,-0.0751492977142334,CAKE,0
M3,14_milk,MILK,real,0.12644529342651367,0.28480738401412964,0.2728182077407837,0.011989176273345947,MILK,1
M3,15_nuts,NUTS,clean,0.0,0.3602443337440491,0.07953840494155884,0.28070592880249023,NUTS,1
M3,15_nuts,NUTS,simulated,0.05596858263015747,0.35498741269111633,0.11660408973693848,0.23838332295417786,NUTS,1
M3,15_nuts,NUTS,real,0.008960425853729248,0.3466956615447998,0.0859137549996376,0.2607819065451622,NUTS,1
M3,16_oil,OIL,clean,0.0,0.29393455386161804,0.23514556884765625,0.05878898501396179,OIL,1
M3,16_oil,OIL,simulated,0.3001999258995056,0.17327652871608734,0.24282649159431458,-0.06954996287822723,MILK,0
M3,16_oil,OIL,real,0.27197694778442383,0.12674683332443237,0.2780364751815796,-0.15128964185714722,COFFEE,0
M3,17_pasta,PASTA,clean,0.0,0.31218084692955017,0.0687907338142395,0.24339011311531067,PASTA,1
M3,17_pasta,PASTA,simulated,0.28790462017059326,0.16733431816101074,0.24804681539535522,-0.08071249723434448,FLOUR,0
M3,17_pasta,PASTA,real,0.058467745780944824,0.28457149863243103,0.10925643146038055,0.17531506717205048,PASTA,1
M3,18_rice,RICE,clean,0.0,0.2748662233352661,0.1955142617225647,0.07935196161270142,RICE,1
M3,18_rice,RICE,simulated,0.2237696647644043,0.09472516179084778,0.27611565589904785,-0.18139049410820007,CEREAL,0
M3,18_rice,RICE,real,0.1205143928527832,0.2363843321800232,0.15154734253883362,0.08483698964118958,RICE,1
M3,19_soda,SODA,clean,0.0,0.18232975900173187,0.30514663457870483,-0.12281687557697296,WATER,0
M3,19_soda,SODA,simulated,0.07588911056518555,0.08529162406921387,0.3686966001987457,-0.28340497612953186,WATER,0
M3,19_soda,SODA,real,0.11142200231552124,0.07216513156890869,0.35786890983581543,-0.28570377826690674,WATER,0
M3,20_spices,SPICES,clean,0.0,0.25266265869140625,0.16707992553710938,0.08558273315429688,SPICES,1
M3,20_spices,SPICES,simulated,0.17624449729919434,0.19177934527397156,0.17064568400382996,0.0211336612701416,SPICES,1
M3,20_spices,SPICES,real,0.19917041063308716,0.296738862991333,0.1460280418395996,0.1507108211517334,SPICES,1
M3,21_sugar,SUGAR,clean,0.0,0.3767349123954773,0.13288071751594543,0.24385419487953186,SUGAR,1
M3,21_sugar,SUGAR,simulated,0.32445311546325684,0.14820438623428345,0.19894608855247498,-0.05074170231819153,SPICES,0
M3,21_sugar,SUGAR,real,0.8699057102203369,0.0327424556016922,0.3665688931941986,-0.3338264375925064,COFFEE,0
M3,22_tea,TEA,clean,0.0,0.3000296354293823,0.17992453277111053,0.12010510265827179,TEA,1
M3,22_tea,TEA,simulated,0.24958914518356323,0.2830585539340973,0.2525692582130432,0.030489295721054077,TEA,1
M3,22_tea,TEA,real,0.15960299968719482,0.1970561444759369,0.3117135167121887,-0.11465737223625183,CHOCOLATE,0
M3,23_tomato_sauce,TOMATO_SAUCE,clean,0.0,0.3644929528236389,0.10200021415948868,0.26249273866415024,TOMATO_SAUCE,1
M3,23_tomato_sauce,TOMATO_SAUCE,simulated,0.5511939525604248,0.0852094441652298,0.23444411158561707,-0.14923466742038727,COFFEE,0
M3,23_tomato_sauce,TOMATO_SAUCE,real,0.11887556314468384,0.28637444972991943,0.19849467277526855,0.08787977695465088,TOMATO_SAUCE,1
M3,24_vinegar,VINEGAR,clean,0.0,0.3446861505508423,0.16264274716377258,0.1820434033870697,VINEGAR,1
M3,24_vinegar,VINEGAR,simulated,0.046311259269714355,0.3376832604408264,0.13586710393428802,0.2018161565065384,VINEGAR,1
M3,24_vinegar,VINEGAR,real,0.09257662296295166,0.3081127405166626,0.20979972183704376,0.09831301867961884,VINEGAR,1
M3,25_water,WATER,clean,0.0,0.3749593496322632,0.11749777942895889,0.2574615702033043,WATER,1
M3,25_water,WATER,simulated,0.03156602382659912,0.3699195384979248,0.13272777199745178,0.23719176650047302,WATER,1
M3,25_water,WATER,real,0.30479180812835693,0.2071552872657776,0.1573236882686615,0.04983159899711609,WATER,1
