epoch,A_inv,B_total,clean_dist_cosine,val_clean_acc,val_combined_acc,head_std,lam_text,ops,seed
1,-0.12098386124880225,3.0093423039824874,0.98512496109362,0.7090909090909091,0.4888888888888889,0.012239134396184926,1.0,"moire,geo,photo,noise,blur",0
2,0.03832893045964064,0.9568937862360919,0.93190598487854,0.8767676767676768,0.703030303030303,0.03980514434752641,1.0,"moire,geo,photo,noise,blur",0
3,0.040130111630316136,0.5796212278030537,0.9424043518525583,0.907070707070707,0.696969696969697,0.041314155553226116,1.0,"moire,geo,photo,noise,blur",0
4,0.04067208459255872,0.4233892907698949,0.9459199066515322,0.9191919191919192,0.7333333333333333,0.041797408627139196,1.0,"moire,geo,photo,noise,blur",0
5,0.03789505893709483,0.32634742999518357,0.9464802079730563,0.9212121212121213,0.7070707070707071,0.04193370623721017,1.0,"moire,geo,photo,noise,blur",0
6,0.035502029651844944,0.28514966479054205,0.947943248130657,0.9151515151515152,0.7111111111111111,0.0419230494234297,1.0,"moire,geo,photo,noise,blur",0
7,0.034122767133845225,0.24907719592253366,0.9542011309553076,0.9131313131313131,0.7272727272727273,0.04186512157320976,1.0,"moire,geo,photo,noise,blur",0
8,0.030332477487347746,0.207201163801882,0.9543265501658121,0.9212121212121213,0.7434343434343434,0.04169496535151093,1.0,"moire,geo,photo,noise,blur",0
9,0.028840272169974115,0.22612783036850118,0.9565603733062744,0.9090909090909091,0.7414141414141414,0.041555171349534285,1.0,"moire,geo,photo,noise,blur",0
10,0.025690897264414363,0.20476733644803366,0.9605013021716365,0.9050505050505051,0.7232323232323232,0.04140136708263998,1.0,"moire,geo,photo,noise,blur",0
11,0.025865932719575033,0.1682788125342793,0.9631890853246053,0.9232323232323232,0.7575757575757576,0.041170134450550434,1.0,"moire,geo,photo,noise,blur",0
12,0.025002604833355657,0.1584241842782056,0.9651947573379234,0.9313131313131313,0.7353535353535353,0.041077111606244686,1.0,"moire,geo,photo,noise,blur",0
13,0.024686047255440994,0.15929568696905066,0.9660035791220488,0.9111111111111111,0.705050505050505,0.040958012695665715,1.0,"moire,geo,photo,noise,blur",0
14,0.02317337029510074,0.18575142848270912,0.9663102626800537,0.9050505050505051,0.7353535353535353,0.040691643125481076,1.0,"moire,geo,photo,noise,blur",0
15,0.021122179615000885,0.13336868225424378,0.9694991597422847,0.9131313131313131,0.7414141414141414,0.040260121778205586,1.0,"moire,geo,photo,noise,blur",0
1,-0.13337698275292362,0.04154696670809278,0.9992101258701749,0.03232323232323232,0.03232323232323232,0.001469180740295323,0.0,"moire,geo,photo,noise,blur",0
2,-0.024687143008190172,0.001814299814954952,0.9990324775377909,0.03232323232323232,0.03232323232323232,0.003221723389018465,0.0,"moire,geo,photo,noise,blur",0
3,-0.009104896647234758,0.0012171650650324645,0.999213938359861,0.03232323232323232,0.03232323232323232,0.0031484289577713718,0.0,"moire,geo,photo,noise,blur",0
4,-0.006150766500030403,0.0009655919167454596,0.9994209828200163,0.03232323232323232,0.03232323232323232,0.002799906250503328,0.0,"moire,geo,photo,noise,blur",0
5,-0.005931348953810003,0.0008125881560974651,0.999529692861769,0.03232323232323232,0.03232323232323232,0.002521020437901219,0.0,"moire,geo,photo,noise,blur",0
6,-0.006585770372853235,0.0006996534454325835,0.9995940548402292,0.03232323232323232,0.03232323232323232,0.0022751387225946893,0.0,"moire,geo,photo,noise,blur",0
7,-0.006026013944022081,0.0006053348554781189,0.9996607369846768,0.03232323232323232,0.03232323232323232,0.0020591385955749837,0.0,"moire,geo,photo,noise,blur",0
8,-0.005317301886087215,0.0005200791034709524,0.9997152619891696,0.03232323232323232,0.03232323232323232,0.001875039302157583,0.0,"moire,geo,photo,noise,blur",0
9,-0.00616750066789488,0.0004638120773489828,0.9997465146912469,0.03232323232323232,0.03232323232323232,0.0017244882614317317,0.0,"moire,geo,photo,noise,blur",0
10,-0.006487985848690625,0.00042110295207412155,0.9997682350653189,0.03232323232323232,0.03232323232323232,0.0015938215311271724,0.0,"moire,geo,photo,noise,blur",0
11,-0.006328481370238242,0.0003736710210365278,0.9997990749500416,0.03232323232323232,0.03232323232323232,0.0014710651831356463,0.0,"moire,geo,photo,noise,blur",0
12,-0.005710617078606177,0.00033900629798019373,0.9998193670202185,0.03232323232323232,0.03232323232323232,0.0013732910630534644,0.0,"moire,geo,photo,noise,blur",0
13,-0.00559794276745783,0.0003061631728929502,0.9998412529627482,0.03232323232323232,0.03232323232323232,0.0012788902580117185,0.0,"moire,geo,photo,noise,blur",0
14,-0.0044549444466139435,0.0002744683168000645,0.9998597701390585,0.03232323232323232,0.03232323232323232,0.001200060912028507,0.0,"moire,geo,photo,noise,blur",0
15,-0.004862723208067042,0.0002547877288802906,0.9998748236232333,0.03232323232323232,0.03232323232323232,0.0011328927508589845,0.0,"moire,geo,photo,noise,blur",0
1,-0.06234464732309183,2.8620493058805114,0.9858990510304769,0.6666666666666666,0.4303030303030303,0.012781653078962807,1.0,"geo,photo,noise,blur",0
2,0.04099954112812325,0.8682152209458528,0.9402974777751498,0.8747474747474747,0.6747474747474748,0.04018764998073931,1.0,"geo,photo,noise,blur",0
3,0.03970039587605883,0.5403440329763625,0.9449708373458298,0.9050505050505051,0.6909090909090909,0.04172189230168307,1.0,"geo,photo,noise,blur",0
4,0.035962893800051125,0.36033776292094477,0.951967802312639,0.9030303030303031,0.692929292929293,0.04212185036804941,1.0,"geo,photo,noise,blur",0
5,0.0337778556816004,0.2803204189296122,0.9559823981037846,0.8929292929292929,0.6666666666666666,0.042277238021294274,1.0,"geo,photo,noise,blur",0
6,0.03301198759840594,0.26438302050034207,0.9575589762793647,0.8828282828282829,0.6848484848484848,0.0422538662398303,1.0,"geo,photo,noise,blur",0
7,0.03080962494843536,0.2893976690592589,0.9556131252536068,0.907070707070707,0.6888888888888889,0.04204887289691855,1.0,"geo,photo,noise,blur",0
8,0.0286741151853844,0.23708615700403848,0.9585144519805908,0.901010101010101,0.7131313131313132,0.04177841323393362,1.0,"geo,photo,noise,blur",0
9,0.0256962808607905,0.18865958904778515,0.9642772056438305,0.9151515151515152,0.7212121212121212,0.04148803927280285,1.0,"geo,photo,noise,blur",0
10,0.02393200907304331,0.16147595092102332,0.9677883276232967,0.9232323232323232,0.7151515151515152,0.041654996987846166,1.0,"geo,photo,noise,blur",0
11,0.02373325714358577,0.16223884208334816,0.9688084920247396,0.9191919191919192,0.6868686868686869,0.041480770955483116,1.0,"geo,photo,noise,blur",0
12,0.022039960172993166,0.15568821960025364,0.9699205248444168,0.9191919191919192,0.6909090909090909,0.04130448897679647,1.0,"geo,photo,noise,blur",0
13,0.021349866495088295,0.14283311284250683,0.9687323084583989,0.9212121212121213,0.7252525252525253,0.04130390465811447,1.0,"geo,photo,noise,blur",0
14,0.018342436532731408,0.14164595029972218,0.9711574029039454,0.9272727272727272,0.703030303030303,0.041242633014917374,1.0,"geo,photo,noise,blur",0
15,0.0172221675446188,0.13361131179111976,0.9735009714409157,0.9111111111111111,0.7090909090909091,0.04109068559827628,1.0,"geo,photo,noise,blur",0
1,-0.06928143677888093,2.919044816935504,0.9869657423761156,0.6787878787878788,0.4505050505050505,0.01222282178113582,1.0,"moire,photo,noise,blur",0
2,0.04554242613138976,0.879096750859861,0.9435278375943502,0.8929292929292929,0.6686868686868687,0.04020746935296942,1.0,"moire,photo,noise,blur",0
3,0.0465223865100631,0.5772635495221173,0.9359894792238871,0.9050505050505051,0.7111111111111111,0.04180284010039435,1.0,"moire,photo,noise,blur",0
4,0.03972523894023012,0.37184199746008273,0.9409200858186793,0.8828282828282829,0.6989898989898989,0.042063542262271596,1.0,"moire,photo,noise,blur",0
5,0.03410222229582292,0.26623355514473385,0.9525096902140865,0.9151515151515152,0.7212121212121212,0.042465866853793464,1.0,"moire,photo,noise,blur",0
6,0.03399040556892201,0.21029752106578262,0.9559666713078817,0.896969696969697,0.6868686868686869,0.04265857101590545,1.0,"moire,photo,noise,blur",0
7,0.03391992280052768,0.21395248781751702,0.9584808106775637,0.8929292929292929,0.6989898989898989,0.042414203424144675,1.0,"moire,photo,noise,blur",0
8,0.03115921715895335,0.17724645524113267,0.9588682276231272,0.8868686868686869,0.7333333333333333,0.042297914072319316,1.0,"moire,photo,noise,blur",0
9,0.02787170904102149,0.16201881733205584,0.9605151503174393,0.9030303030303031,0.7070707070707071,0.0423461696891873,1.0,"moire,photo,noise,blur",0
10,0.025851444306748884,0.1475655789728518,0.9625579957608823,0.9090909090909091,0.7333333333333333,0.04227880650648364,1.0,"moire,photo,noise,blur",0
11,0.02325674229198032,0.1298579446695469,0.9659009840753343,0.898989898989899,0.7313131313131314,0.04213155957835692,1.0,"moire,photo,noise,blur",0
12,0.022293845571025653,0.11106881306127266,0.9714476709012632,0.9191919191919192,0.7333333333333333,0.04209582259257635,1.0,"moire,photo,noise,blur",0
13,0.02187211735656968,0.09360838115767196,0.969568305545383,0.9050505050505051,0.7595959595959596,0.04220696662863096,1.0,"moire,photo,noise,blur",0
14,0.018545593514486595,0.08312876260390988,0.9735787135583384,0.907070707070707,0.7333333333333333,0.04219302093541181,1.0,"moire,photo,noise,blur",0
15,0.01929126159046535,0.06349210758452062,0.9768670996030172,0.9050505050505051,0.7393939393939394,0.042302091088559896,1.0,"moire,photo,noise,blur",0
1,-0.11498717108258495,2.972770258232399,0.9843120155511079,0.6606060606060606,0.42828282828282827,0.011962467744187624,1.0,"moire,geo,noise,blur",0
2,0.04176766866887057,0.9189182895201223,0.9322080766713178,0.8787878787878788,0.6727272727272727,0.039876660539044276,1.0,"moire,geo,noise,blur",0
3,0.04281404849003862,0.5605800383620791,0.9409572658715425,0.8949494949494949,0.6989898989898989,0.04158898815512657,1.0,"moire,geo,noise,blur",0
4,0.03831016617240729,0.3722650822665956,0.9468326127087628,0.901010101010101,0.7111111111111111,0.04201169146431817,1.0,"moire,geo,noise,blur",0
5,0.037248212154264805,0.29299717479281956,0.951847826993024,0.9111111111111111,0.7191919191919192,0.04224076163437632,1.0,"moire,geo,noise,blur",0
6,0.03507423511257878,0.2775759586581477,0.9523072088206256,0.9030303030303031,0.7414141414141414,0.04214861050800041,1.0,"moire,geo,noise,blur",0
7,0.03191050073062932,0.269981805925016,0.95737725937808,0.898989898989899,0.7313131313131314,0.0419296863730307,1.0,"moire,geo,noise,blur",0
8,0.02956870329324846,0.2512451493077808,0.9590361272847211,0.8888888888888888,0.7252525252525253,0.04169961561759313,1.0,"moire,geo,noise,blur",0
9,0.025873000492100364,0.21211280011468464,0.962341014985685,0.9252525252525252,0.7515151515151515,0.041553302495567886,1.0,"moire,geo,noise,blur",0
10,0.02505168687828161,0.1475525669477604,0.9666575988133749,0.9111111111111111,0.7515151515151515,0.041641072266631655,1.0,"moire,geo,noise,blur",0
11,0.023043526060603284,0.15228489096517916,0.9673517920352794,0.9151515151515152,0.7151515151515152,0.04162827037550785,1.0,"moire,geo,noise,blur",0
12,0.02275332984411054,0.1384976942230154,0.9684445173652084,0.9090909090909091,0.7454545454545455,0.041508808456085344,1.0,"moire,geo,noise,blur",0
13,0.019936095785211633,0.13550913803003453,0.9718910654385885,0.9131313131313131,0.7373737373737373,0.041451555021383146,1.0,"moire,geo,noise,blur",0
14,0.021012522418189933,0.13754115833176506,0.9722349224267183,0.901010101010101,0.7414141414141414,0.041308138657499244,1.0,"moire,geo,noise,blur",0
15,0.020730528911506688,0.12201893191646647,0.9716447172341524,0.907070707070707,0.7414141414141414,0.04121442760030428,1.0,"moire,geo,noise,blur",0
1,-0.11700877298911412,2.9804124964608087,0.9848227589218704,0.6464646464646465,0.4202020202020202,0.012212917243164999,1.0,"moire,geo,photo,blur",0
2,0.040536337083688485,0.9349873838601289,0.933920109713519,0.8767676767676768,0.7090909090909091,0.03972837632453,1.0,"moire,geo,photo,blur",0
3,0.04336342850217113,0.6007783368781761,0.9378553187405622,0.8909090909090909,0.705050505050505,0.04130749418227761,1.0,"moire,geo,photo,blur",0
4,0.03958804967502753,0.4189778246261455,0.9427132981794851,0.9111111111111111,0.7333333333333333,0.04164624255564478,1.0,"moire,geo,photo,blur",0
5,0.03862550578735493,0.3271882136662801,0.9457397151876379,0.9090909090909091,0.7171717171717171,0.041878152086778926,1.0,"moire,geo,photo,blur",0
6,0.034694432867345984,0.2676185479870549,0.9498285805737531,0.898989898989899,0.7171717171717171,0.04200326789308478,1.0,"moire,geo,photo,blur",0
7,0.0340930697404676,0.26934836749677304,0.9516298020327533,0.9090909090909091,0.7151515151515152,0.04196795503850336,1.0,"moire,geo,photo,blur",0
8,0.02806017616832698,0.25479368423974075,0.9569261228596723,0.9171717171717172,0.7373737373737373,0.04158217625485526,1.0,"moire,geo,photo,blur",0
9,0.027831350970599387,0.21536016822965057,0.9609399172994826,0.9252525252525252,0.7454545454545455,0.04118607620950098,1.0,"moire,geo,photo,blur",0
10,0.024117877844859054,0.1725430977013376,0.9656943524325335,0.9171717171717172,0.7393939393939394,0.04133182460511172,1.0,"moire,geo,photo,blur",0
11,0.02371127096315225,0.14423808648630423,0.9680020897476761,0.9252525252525252,0.7313131313131314,0.04151057520950282,1.0,"moire,geo,photo,blur",0
12,0.021323096972924692,0.13204250346731256,0.969155095241688,0.9131313131313131,0.7434343434343434,0.04158559303592752,1.0,"moire,geo,photo,blur",0
13,0.02039916144201049,0.15437581914442558,0.9710935221778022,0.907070707070707,0.7454545454545455,0.04153321090119856,1.0,"moire,geo,photo,blur",0
14,0.01954359219719966,0.1384743476907412,0.9737061769874008,0.9090909090909091,0.7292929292929293,0.04119680504556055,1.0,"moire,geo,photo,blur",0
15,0.018290273983169486,0.1255399849679735,0.9743151267369589,0.9232323232323232,0.7252525252525253,0.04113765612796501,1.0,"moire,geo,photo,blur",0
1,-0.0689431141923975,2.876297023561266,0.9839686155319214,0.6545454545454545,0.4222222222222222,0.012432075062490723,1.0,"moire,geo,photo,noise",0
2,0.037758761947905575,0.8823038096781131,0.9287333378085384,0.8727272727272727,0.6343434343434343,0.04007826069438899,1.0,"moire,geo,photo,noise",0
3,0.040640876800925645,0.5287725980635043,0.9390035646933096,0.8848484848484849,0.6606060606060606,0.041789734529124364,1.0,"moire,geo,photo,noise",0
4,0.03846456048389276,0.3713551704530363,0.9486821315906666,0.9151515151515152,0.6787878787878788,0.04226703914227309,1.0,"moire,geo,photo,noise",0
5,0.04046733484224037,0.27575362225373584,0.9484617754265114,0.9151515151515152,0.6767676767676768,0.04239850960395954,1.0,"moire,geo,photo,noise",0
6,0.03882295141617457,0.3051495502392451,0.9506629440519545,0.9050505050505051,0.6767676767676768,0.04227071765948225,1.0,"moire,geo,photo,noise",0
7,0.03408617160662457,0.3130731245985738,0.9493582425294099,0.898989898989899,0.696969696969697,0.04190746681005866,1.0,"moire,geo,photo,noise",0
8,0.03219940520271107,0.2848277986049652,0.9559404805854514,0.9151515151515152,0.7171717171717171,0.04137057617858604,1.0,"moire,geo,photo,noise",0
9,0.02845290848226459,0.2457286169131597,0.961389857309836,0.9191919191919192,0.692929292929293,0.040889394366078906,1.0,"moire,geo,photo,noise",0
10,0.0253132787981519,0.20278045038382211,0.9610489695160477,0.9151515151515152,0.6727272727272727,0.040856345660156675,1.0,"moire,geo,photo,noise",0
11,0.02472875460430428,0.21191411327432702,0.9625358051723905,0.9090909090909091,0.7191919191919192,0.040656054461443866,1.0,"moire,geo,photo,noise",0
12,0.022154181436808022,0.19015968590974808,0.966719408830007,0.9252525252525252,0.701010101010101,0.04028265440353641,1.0,"moire,geo,photo,noise",0
13,0.021646781031180312,0.1393881575376899,0.967981654184836,0.9111111111111111,0.7191919191919192,0.04054991307633894,1.0,"moire,geo,photo,noise",0
14,0.02183988021203765,0.15881932664800574,0.9691431985961066,0.9151515151515152,0.6989898989898989,0.040625234996830975,1.0,"moire,geo,photo,noise",0
15,0.017289050992716243,0.13836713549163607,0.9715910266946863,0.9191919191919192,0.7232323232323232,0.040501588196666154,1.0,"moire,geo,photo,noise",0
